,index,Country Code,World Bank Code,Country,Year,Assassinations,General Strikes,Guerrilla Warfare,Government Crises,Purges,Riots,Revolutions,Anti-Government Demonstrations,Weighted Conflict Index,Type of Regime,Head of State,Effective Executive (Type),Effective Executive (Selection),Degree of Parliamentary Responsibility,Legislative Effectiveness
0,76,0010,AFG,Afghanistan,2000,0,0,1,0,0,0,1,0,-0.17685030154356093,2,4,5,3,0,0
1,77,0010,AFG,Afghanistan,2001,1,0,1,1,0,0,1,0,-0.1620802754881264,2,4,5,3,0,0
2,78,0010,AFG,Afghanistan,2002,3,0,2,0,1,0,1,1,-0.10951790518408883,2,4,5,3,0,0
3,79,0010,AFG,Afghanistan,2003,1,0,2,1,0,0,2,0,-0.07995157188806769,2,2,5,3,0,0
4,80,0010,AFG,Afghanistan,2004,3,0,2,0,0,1,2,1,-0.05858496835947642,2,2,2,1,0,1
5,81,0010,AFG,Afghanistan,2005,2,0,1,0,0,1,1,3,-0.1423693866241123,1,2,2,1,0,1
6,82,0010,AFG,Afghanistan,2006,2,0,1,0,0,1,1,0,-0.15222483105611934,1,2,2,1,0,1
7,83,0010,AFG,Afghanistan,2007,1,0,1,1,0,0,1,1,-0.15879512734412404,1,2,2,1,0,1
8,84,0010,AFG,Afghanistan,2008,1,0,1,0,0,0,1,1,-0.16536542363212872,1,2,2,1,0,1
9,85,0010,AFG,Afghanistan,2009,1,0,1,1,0,0,1,1,-0.15879512734412404,1,2,2,1,0,1
10,86,0010,AFG,Afghanistan,2010,1,0,1,1,0,0,1,0,-0.1620802754881264,1,2,2,1,0,1
11,87,0010,AFG,Afghanistan,2011,7,0,1,1,0,0,1,1,-0.1094916239989368,1,2,2,1,0,1
12,88,0010,AFG,Afghanistan,2012,6,1,5,0,0,2,0,1,-0.019163190631448244,1,2,2,1,0,1
13,89,0010,AFG,Afghanistan,2013,4,0,30,0,0,1,0,1,0.7709280785936924,1,2,2,1,0,1
14,90,0010,AFG,Afghanistan,2014,4,0,53,0,0,1,0,4,1.5363413149610874,1,2,2,1,0,1
15,91,0010,AFG,Afghanistan,2015,3,0,103,0,0,1,0,4,3.170715657194832,1,2,2,1,0,1
16,92,0010,AFG,Afghanistan,2016,2,0,95,1,0,0,0,3,2.8947632130986345,1,2,2,1,0,1
17,93,0010,AFG,Afghanistan,2017,1,0,149,0,0,1,0,4,4.6654580627159,1,2,2,1,0,1
18,94,0010,AFG,Afghanistan,2018,2,0,214,0,0,2,0,3,6.813944948893435,1,2,2,1,0,1
19,95,0010,AFG,Afghanistan,2019,1,0,246,0,0,2,0,3,7.856966344021605,1,2,2,1,0,1
20,233,0030,DZA,Algeria,2000,0,0,0,0,0,0,1,0,-0.2097017829835844,,2,2,1,2,2
21,234,0030,DZA,Algeria,2001,0,0,0,0,0,2,1,2,-0.186705745975568,,2,2,1,2,2
22,235,0030,DZA,Algeria,2002,0,0,1,0,0,0,1,2,-0.17028000525555625,,2,2,1,2,2
23,236,0030,DZA,Algeria,2003,0,0,0,0,0,0,0,0,-0.25897900514361966,1,2,2,1,2,2
24,237,0030,DZA,Algeria,2004,0,0,0,0,0,0,1,0,-0.2097017829835844,1,2,2,1,2,2
25,238,0030,DZA,Algeria,2005,0,0,0,0,0,0,1,0,-0.2097017829835844,1,2,2,1,2,2
26,239,0030,DZA,Algeria,2006,0,0,0,0,0,0,1,0,-0.2097017829835844,1,2,2,1,2,2
27,240,0030,DZA,Algeria,2007,0,0,0,0,0,0,0,0,-0.25897900514361966,1,2,2,1,1,1
28,241,0030,DZA,Algeria,2008,0,0,0,0,0,0,0,0,-0.25897900514361966,1,2,2,1,1,1
29,242,0030,DZA,Algeria,2009,0,0,1,0,0,0,0,0,-0.22612752370359615,1,2,2,1,1,1
30,243,0030,DZA,Algeria,2010,1,0,1,0,0,0,0,0,-0.2179277939361663,1,2,2,1,1,1
31,244,0030,DZA,Algeria,2011,0,0,0,0,0,1,0,3,-0.24089754975903072,1,2,2,1,1,1
32,245,0030,DZA,Algeria,2012,0,0,0,0,0,0,0,0,-0.25897900514361966,1,2,2,1,1,1
33,246,0030,DZA,Algeria,2013,0,0,1,0,0,0,0,3,-0.21627207927158912,1,2,2,1,1,1
34,247,0030,DZA,Algeria,2014,0,0,2,0,0,4,0,3,-0.15056911639154216,1,2,2,1,1,1
35,248,0030,DZA,Algeria,2015,0,1,2,0,0,1,0,4,-0.16536542363212872,1,2,2,1,1,1
36,249,0030,DZA,Algeria,2016,0,0,2,0,0,1,0,0,-0.18507631249614281,1,2,2,1,1,1
37,250,0030,DZA,Algeria,2017,0,0,4,0,0,1,0,2,-0.11280305332809117,1,2,2,1,1,1
38,251,0030,DZA,Algeria,2018,0,3,4,0,0,2,0,4,-0.0782958572234905,1,2,2,1,1,1
39,252,0030,DZA,Algeria,2019,0,7,0,1,0,8,0,65,0.07282095740061749,1,2,2,1,1,1
40,594,0045,ARM,Armenia,2000,0,0,0,0,0,0,0,0,-0.25897900514361966,1,2,2,1,1,1
41,595,0045,ARM,Armenia,2001,0,0,0,0,0,0,0,0,-0.25897900514361966,1,2,2,1,1,1
42,596,0045,ARM,Armenia,2002,1,0,0,0,0,0,0,1,-0.24749412723218742,1,2,2,1,1,1
43,597,0045,ARM,Armenia,2003,0,0,0,0,0,0,0,0,-0.25897900514361966,1,2,2,1,1,1
44,598,0045,ARM,Armenia,2004,0,0,0,0,0,0,0,0,-0.25897900514361966,1,2,2,1,1,1
45,599,0045,ARM,Armenia,2005,0,0,0,0,0,0,0,0,-0.25897900514361966,1,2,2,1,1,1
46,600,0045,ARM,Armenia,2006,0,0,0,0,0,0,0,0,-0.25897900514361966,1,2,2,1,1,1
47,601,0045,ARM,Armenia,2007,0,0,0,0,0,0,0,0,-0.25897900514361966,1,2,2,1,1,1
48,602,0045,ARM,Armenia,2008,0,0,0,1,0,0,0,0,-0.25240870885561495,1,2,2,1,1,1
49,603,0045,ARM,Armenia,2009,0,0,0,0,0,0,0,0,-0.25897900514361966,1,2,2,1,1,1
50,604,0045,ARM,Armenia,2010,0,0,0,0,0,0,0,0,-0.25897900514361966,1,2,2,1,1,1
51,605,0045,ARM,Armenia,2011,0,0,0,0,0,0,0,1,-0.2556938569996173,1,2,2,1,1,1
52,606,0045,ARM,Armenia,2012,0,0,0,0,0,0,0,0,-0.25897900514361966,1,2,2,1,1,1
53,607,0045,ARM,Armenia,2013,1,0,0,0,0,0,0,0,-0.25077927537618977,1,2,2,1,1,1
54,608,0045,ARM,Armenia,2014,0,0,0,0,0,1,0,1,-0.24746784604703542,1,2,2,1,1,1
55,609,0045,ARM,Armenia,2015,0,0,0,0,0,0,0,2,-0.25240870885561495,1,2,2,1,1,1
56,610,0045,ARM,Armenia,2016,0,0,1,1,1,1,0,1,-0.20147577203100253,1,2,3,2,2,2
57,611,0045,ARM,Armenia,2017,0,0,0,0,0,0,0,2,-0.25240870885561495,1,2,3,2,2,2
58,612,0045,ARM,Armenia,2018,0,1,0,1,1,1,0,5,-0.21461636460701192,1,2,3,2,2,2
59,613,0045,ARM,Armenia,2019,0,0,0,0,0,2,0,2,-0.2359829681356032,1,2,3,2,2,2
60,1071,0064,AZE,Azerbaijan,2000,0,0,0,0,0,0,0,0,-0.25897900514361966,1,2,2,1,1,1
61,1072,0064,AZE,Azerbaijan,2001,0,0,0,0,0,0,0,0,-0.25897900514361966,1,2,2,1,1,1
62,1073,0064,AZE,Azerbaijan,2002,0,0,0,0,0,0,0,0,-0.25897900514361966,1,2,2,1,1,1
63,1074,0064,AZE,Azerbaijan,2003,0,0,0,0,0,0,0,1,-0.2556938569996173,1,2,2,1,1,1
64,1075,0064,AZE,Azerbaijan,2004,0,0,0,0,0,0,0,0,-0.25897900514361966,1,2,2,1,1,1
65,1076,0064,AZE,Azerbaijan,2005,0,0,0,0,1,1,0,2,-0.23763868280018038,1,2,2,1,1,1
66,1077,0064,AZE,Azerbaijan,2006,0,0,0,0,0,0,0,0,-0.25897900514361966,1,2,2,1,1,1
67,1078,0064,AZE,Azerbaijan,2007,0,0,0,0,0,0,0,0,-0.25897900514361966,1,2,2,1,1,1
68,1079,0064,AZE,Azerbaijan,2008,0,0,0,0,0,0,0,0,-0.25897900514361966,1,2,2,1,1,1
69,1080,0064,AZE,Azerbaijan,2009,0,0,0,0,0,0,0,0,-0.25897900514361966,1,2,2,1,1,1
70,1081,0064,AZE,Azerbaijan,2010,0,0,0,0,0,0,0,0,-0.25897900514361966,1,2,2,1,1,1
71,1082,0064,AZE,Azerbaijan,2011,0,0,0,0,1,0,0,2,-0.24583841256761024,1,2,2,1,1,1
72,1083,0064,AZE,Azerbaijan,2012,0,0,0,0,0,1,0,3,-0.24089754975903072,1,2,2,1,1,1
73,1084,0064,AZE,Azerbaijan,2013,0,0,0,0,0,1,0,1,-0.24746784604703542,1,2,2,1,1,1
74,1085,0064,AZE,Azerbaijan,2014,0,0,0,0,1,0,0,3,-0.2425532644236079,1,2,2,1,1,1
75,1086,0064,AZE,Azerbaijan,2015,0,0,0,0,0,0,0,0,-0.25897900514361966,1,2,2,1,1,1
76,1087,0064,AZE,Azerbaijan,2016,0,0,0,0,0,2,0,2,-0.2359829681356032,1,2,2,1,1,1
77,1088,0064,AZE,Azerbaijan,2017,0,0,0,0,0,0,0,3,-0.2491235607116126,1,2,2,1,1,1
78,1089,0064,AZE,Azerbaijan,2018,1,0,0,0,1,1,0,0,-0.2359829681356032,1,2,2,1,1,1
79,1090,0064,AZE,Azerbaijan,2019,0,0,0,0,1,0,0,2,-0.24583841256761024,1,2,2,1,1,1
80,1122,0065,BHR,Bahrain,2000,0,0,0,0,0,0,0,0,-0.25897900514361966,1,1,1,3,1,0
81,1123,0065,BHR,Bahrain,2001,0,0,0,0,0,0,0,0,-0.25897900514361966,1,1,1,3,1,0
82,1124,0065,BHR,Bahrain,2002,0,0,0,0,0,0,0,0,-0.25897900514361966,1,1,1,3,1,1
83,1125,0065,BHR,Bahrain,2003,0,0,0,0,0,0,0,0,-0.25897900514361966,1,1,1,3,1,1
84,1126,0065,BHR,Bahrain,2004,0,0,0,0,0,0,0,0,-0.25897900514361966,1,1,1,3,1,1
85,1127,0065,BHR,Bahrain,2005,0,0,0,0,0,0,0,1,-0.2556938569996173,1,1,1,3,1,1
86,1128,0065,BHR,Bahrain,2006,0,0,0,0,0,1,0,0,-0.25077927537618977,1,1,1,3,1,1
87,1129,0065,BHR,Bahrain,2007,0,0,0,0,0,0,0,0,-0.25897900514361966,1,1,1,3,1,1
88,1130,0065,BHR,Bahrain,2008,0,0,0,0,0,0,0,0,-0.25897900514361966,1,1,1,3,1,1
89,1131,0065,BHR,Bahrain,2009,0,0,0,0,0,0,0,0,-0.25897900514361966,1,1,1,3,1,1
90,1132,0065,BHR,Bahrain,2010,0,0,0,0,0,0,0,0,-0.25897900514361966,1,1,1,3,1,1
91,1133,0065,BHR,Bahrain,2011,0,0,0,0,1,6,0,33,-0.09472159794350224,1,1,1,3,1,1
92,1134,0065,BHR,Bahrain,2012,0,0,0,0,1,13,0,15,-0.0963510314229274,1,1,1,3,1,1
93,1135,0065,BHR,Bahrain,2013,0,0,0,0,2,5,0,5,-0.18833517945499315,1,1,1,3,1,1
94,1136,0065,BHR,Bahrain,2014,0,0,6,0,1,7,0,24,0.08104696835319937,1,1,1,3,1,1
95,1137,0065,BHR,Bahrain,2015,0,0,2,0,4,2,0,4,-0.13742852381553278,1,1,1,3,1,1
96,1138,0065,BHR,Bahrain,2016,0,0,0,0,0,5,0,9,-0.18833517945499315,1,1,1,3,1,1
97,1139,0065,BHR,Bahrain,2017,0,0,4,0,0,3,0,2,-0.0963510314229274,1,1,1,3,1,1
98,1140,0065,BHR,Bahrain,2018,0,1,0,0,0,1,0,0,-0.2442089790881851,1,1,1,3,1,1
99,1141,0065,BHR,Bahrain,2019,0,0,1,0,0,1,0,1,-0.21461636460701192,1,1,1,3,1,1
100,4557,0325,DJI,Djibouti,2000,0,0,0,0,0,0,1,0,-0.2097017829835844,1,2,2,1,1,1
101,4558,0325,DJI,Djibouti,2001,0,0,0,0,0,0,0,0,-0.25897900514361966,1,2,2,1,1,1
102,4559,0325,DJI,Djibouti,2002,0,0,0,0,0,0,0,0,-0.25897900514361966,1,2,2,1,1,1
103,4560,0325,DJI,Djibouti,2003,0,0,0,0,0,0,0,0,-0.25897900514361966,1,2,2,1,1,1
104,4561,0325,DJI,Djibouti,2004,0,0,0,0,0,0,0,0,-0.25897900514361966,1,2,2,1,1,1
105,4562,0325,DJI,Djibouti,2005,0,0,0,0,0,0,0,0,-0.25897900514361966,1,2,2,1,1,1
106,4563,0325,DJI,Djibouti,2006,0,0,0,0,0,0,0,0,-0.25897900514361966,1,2,2,1,1,1
107,4564,0325,DJI,Djibouti,2007,0,0,0,0,0,0,0,0,-0.25897900514361966,1,2,2,1,1,1
108,4565,0325,DJI,Djibouti,2008,0,0,0,0,0,0,0,0,-0.25897900514361966,1,2,2,1,1,1
109,4566,0325,DJI,Djibouti,2009,0,0,0,0,0,0,0,0,-0.25897900514361966,1,2,2,1,1,1
110,4567,0325,DJI,Djibouti,2010,0,0,0,0,0,0,0,0,-0.25897900514361966,1,2,2,1,1,1
111,4568,0325,DJI,Djibouti,2011,0,0,0,0,0,0,0,1,-0.2556938569996173,1,2,2,1,1,1
112,4569,0325,DJI,Djibouti,2012,0,0,0,0,0,0,0,0,-0.25897900514361966,1,2,2,1,1,1
113,4570,0325,DJI,Djibouti,2013,0,0,0,0,0,0,0,0,-0.25897900514361966,1,2,2,1,1,1
114,4571,0325,DJI,Djibouti,2014,0,0,0,0,0,0,0,0,-0.25897900514361966,1,2,2,1,1,1
115,4572,0325,DJI,Djibouti,2015,0,0,0,0,0,0,0,0,-0.25897900514361966,1,2,2,1,1,1
116,4573,0325,DJI,Djibouti,2016,0,0,0,0,0,0,0,0,-0.25897900514361966,1,2,2,1,1,1
117,4574,0325,DJI,Djibouti,2017,0,0,0,0,0,0,0,0,-0.25897900514361966,1,2,2,1,1,1
118,4575,0325,DJI,Djibouti,2018,0,0,0,0,0,1,0,0,-0.25077927537618977,1,2,2,1,1,1
119,4576,0325,DJI,Djibouti,2019,0,0,0,0,0,2,0,0,-0.2425532644236079,1,2,2,1,1,1
120,5822,0415,GEO,Georgia,2000,0,0,0,0,0,0,0,0,-0.25897900514361966,1,2,2,1,0,0
121,5823,0415,GEO,Georgia,2001,0,0,1,1,0,0,1,0,-0.17028000525555625,1,2,2,1,0,0
122,5824,0415,GEO,Georgia,2002,0,0,0,0,0,0,1,0,-0.2097017829835844,1,2,2,1,0,0
123,5825,0415,GEO,Georgia,2003,0,0,1,1,0,1,1,1,-0.15879512734412404,1,4,5,3,0,1
124,5826,0415,GEO,Georgia,2004,0,0,2,1,0,1,2,0,-0.07995157188806769,1,2,2,1,2,2
125,5827,0415,GEO,Georgia,2005,0,0,0,1,0,1,1,0,-0.19493175692814987,1,2,2,1,2,2
126,5828,0415,GEO,Georgia,2006,0,0,0,0,0,0,1,0,-0.2097017829835844,1,2,2,1,2,2
127,5829,0415,GEO,Georgia,2007,0,0,0,1,0,1,1,1,-0.19164660878414752,1,2,2,1,2,2
128,5830,0415,GEO,Georgia,2008,0,0,0,1,0,0,0,0,-0.25240870885561495,1,2,2,1,2,2
129,5831,0415,GEO,Georgia,2009,0,0,0,2,0,0,0,4,-0.23269781999160086,1,2,2,1,2,2
130,5832,0415,GEO,Georgia,2010,0,0,0,0,0,0,0,0,-0.25897900514361966,1,2,2,1,2,2
131,5833,0415,GEO,Georgia,2011,0,0,0,0,0,1,0,2,-0.2442089790881851,1,2,2,1,2,2
132,5834,0415,GEO,Georgia,2012,0,0,0,0,1,0,0,1,-0.2491235607116126,1,2,2,1,2,2
133,5835,0415,GEO,Georgia,2013,0,0,0,0,1,2,0,0,-0.2359829681356032,1,2,2,1,2,2
134,5836,0415,GEO,Georgia,2014,0,0,0,1,1,0,0,2,-0.23926811627960554,1,2,2,1,2,2
135,5837,0415,GEO,Georgia,2015,0,0,0,1,0,0,0,0,-0.25240870885561495,1,2,2,1,2,2
136,5838,0415,GEO,Georgia,2016,0,0,0,0,0,1,0,1,-0.24746784604703542,1,2,2,1,2,2
137,5839,0415,GEO,Georgia,2017,0,0,0,0,0,1,0,1,-0.24746784604703542,1,2,2,1,2,2
138,5840,0415,GEO,Georgia,2018,0,0,0,1,0,0,0,6,-0.23269781999160086,1,2,2,1,2,2
139,5841,0415,GEO,Georgia,2019,0,0,0,0,0,2,0,6,-0.2228423755595938,1,2,2,1,2,2
140,7904,0540,IRN,Iran,2000,1,0,0,0,0,0,0,0,-0.25077927537618977,4,2,2,1,0,2
141,7905,0540,IRN,Iran,2001,0,0,0,0,0,1,0,0,-0.25077927537618977,4,2,2,1,0,2
142,7906,0540,IRN,Iran,2002,0,0,0,0,0,0,0,3,-0.2491235607116126,4,2,2,1,0,2
143,7907,0540,IRN,Iran,2003,0,0,0,0,0,2,0,4,-0.2294126718475985,4,2,2,1,0,2
144,7908,0540,IRN,Iran,2004,0,0,0,1,0,0,0,0,-0.25240870885561495,4,2,2,1,0,2
145,7909,0540,IRN,Iran,2005,1,0,0,0,0,0,0,0,-0.25077927537618977,4,2,2,1,0,2
146,7910,0540,IRN,Iran,2006,0,0,0,0,0,1,0,2,-0.2442089790881851,4,2,2,1,0,2
147,7911,0540,IRN,Iran,2007,0,0,0,0,0,0,0,0,-0.25897900514361966,4,4,2,1,0,1
148,7912,0540,IRN,Iran,2008,0,0,0,1,0,0,0,0,-0.25240870885561495,4,4,2,1,0,1
149,7913,0540,IRN,Iran,2009,0,0,0,1,0,3,0,15,-0.17850601620813814,4,4,2,1,0,1
150,7914,0540,IRN,Iran,2010,0,0,0,0,0,2,0,0,-0.2425532644236079,4,4,2,1,0,1
151,7915,0540,IRN,Iran,2011,0,0,0,0,2,2,0,7,-0.20641663483958206,4,4,2,1,0,1
152,7916,0540,IRN,Iran,2012,0,0,0,0,0,1,0,1,-0.24746784604703542,4,4,2,1,0,1
153,7917,0540,IRN,Iran,2013,1,0,0,0,0,0,0,1,-0.24746784604703542,4,4,2,1,0,1
154,7918,0540,IRN,Iran,2014,0,0,0,0,0,1,0,8,-0.224498090224171,4,4,2,1,0,1
155,7919,0540,IRN,Iran,2015,0,0,0,0,1,3,0,3,-0.2179277939361663,4,4,2,1,0,1
156,7920,0540,IRN,Iran,2016,1,1,6,0,0,3,0,13,0.020258587096579926,4,4,2,1,0,1
157,7921,0540,IRN,Iran,2017,0,0,7,0,0,1,0,2,-0.014248609008020734,4,4,2,1,0,1
158,7922,0540,IRN,Iran,2018,0,7,15,0,0,8,0,14,0.39148032736884525,4,4,2,1,0,1
159,7923,0540,IRN,Iran,2019,0,1,9,0,1,6,0,3,0.10895758698464332,4,4,2,1,0,1
160,7988,0550,IRQ,Iraq,2000,0,0,0,0,0,0,0,0,-0.25897900514361966,1,2,2,3,1,1
161,7989,0550,IRQ,Iraq,2001,0,0,0,0,0,0,0,0,-0.25897900514361966,1,2,2,3,1,1
162,7990,0550,IRQ,Iraq,2002,1,0,1,0,0,0,1,0,-0.16865057177613108,1,2,2,3,1,1
163,7991,0550,IRQ,Iraq,2003,0,0,1,0,0,0,1,0,-0.17685030154356093,4,4,5,3,0,0
164,7992,0550,IRQ,Iraq,2004,6,0,1,0,0,2,1,4,-0.09800674608750459,4,2,5,3,0,0
165,7993,0550,IRQ,Iraq,2005,8,0,4,2,2,1,1,3,0.03174346500801214,4,2,5,3,2,2
166,7994,0550,IRQ,Iraq,2006,10,0,2,2,0,2,1,4,-0.019163190631448244,4,2,5,3,2,2
167,7995,0550,IRQ,Iraq,2007,2,0,1,1,0,0,2,0,-0.10457704237550929,1,2,3,2,2,2
168,7996,0550,IRQ,Iraq,2008,0,0,1,1,0,0,2,1,-0.11771763495151868,1,2,3,2,2,2
169,7997,0550,IRQ,Iraq,2009,4,0,0,1,0,0,1,0,-0.17028000525555625,1,2,3,2,2,2
170,7998,0550,IRQ,Iraq,2010,1,0,1,1,0,0,0,0,-0.2113574976481616,1,2,3,2,2,2
171,7999,0550,IRQ,Iraq,2011,2,0,1,1,1,7,0,13,-0.0963510314229274,1,2,3,2,2,2
172,8000,0550,IRQ,Iraq,2012,2,0,2,0,2,1,0,3,-0.14565453476811466,1,2,3,2,2,2
173,8001,0550,IRQ,Iraq,2013,2,0,66,0,0,6,0,5,1.9913474734979888,1,2,3,2,2,2
174,8002,0550,IRQ,Iraq,2014,5,0,231,1,0,1,0,0,7.385560725949844,1,2,3,2,2,2
175,8003,0550,IRQ,Iraq,2015,1,0,98,0,0,2,0,2,2.99168822393928,1,2,3,2,2,2
176,8004,0550,IRQ,Iraq,2016,0,0,213,1,0,4,0,4,6.790948911885419,1,2,3,2,2,2
177,8005,0550,IRQ,Iraq,2017,0,0,247,0,0,4,0,4,7.901328984558212,1,2,3,2,2,2
178,8006,0550,IRQ,Iraq,2018,0,0,322,0,0,10,0,5,10.41775246286401,1,2,3,2,2,2
179,8007,0550,IRQ,Iraq,2019,0,5,259,1,0,46,0,2,8.673338798398765,1,2,3,2,2,2
180,8876,0610,JOR,Jordan,2000,0,0,0,0,0,0,0,0,-0.25897900514361966,1,1,1,3,1,1
181,8877,0610,JOR,Jordan,2001,0,0,0,0,0,0,0,0,-0.25897900514361966,1,1,1,3,1,1
182,8878,0610,JOR,Jordan,2002,0,0,0,0,0,1,0,0,-0.25077927537618977,1,1,1,3,1,1
183,8879,0610,JOR,Jordan,2003,0,0,0,0,0,0,0,0,-0.25897900514361966,1,1,1,3,1,1
184,8880,0610,JOR,Jordan,2004,0,0,0,0,0,0,0,0,-0.25897900514361966,1,1,1,3,1,1
185,8881,0610,JOR,Jordan,2005,0,0,0,0,0,0,0,0,-0.25897900514361966,1,1,1,3,1,1
186,8882,0610,JOR,Jordan,2006,0,0,0,0,0,0,0,0,-0.25897900514361966,1,1,1,3,1,1
187,8883,0610,JOR,Jordan,2007,0,0,0,0,0,0,0,0,-0.25897900514361966,1,1,1,3,1,1
188,8884,0610,JOR,Jordan,2008,0,0,0,0,0,0,0,0,-0.25897900514361966,1,1,1,3,1,1
189,8885,0610,JOR,Jordan,2009,0,0,0,0,0,0,0,0,-0.25897900514361966,1,1,1,3,1,1
190,8886,0610,JOR,Jordan,2010,0,0,0,0,0,0,0,0,-0.25897900514361966,1,1,1,3,1,1
191,8887,0610,JOR,Jordan,2011,0,0,0,1,0,3,0,13,-0.18507631249614281,1,1,1,3,1,1
192,8888,0610,JOR,Jordan,2012,0,1,0,1,0,1,0,8,-0.2113574976481616,1,1,1,3,1,1
193,8889,0610,JOR,Jordan,2013,0,0,0,0,0,3,0,4,-0.22118666089501662,1,1,1,3,1,1
194,8890,0610,JOR,Jordan,2014,0,0,0,0,1,1,0,3,-0.234327253471026,1,1,1,3,1,1
195,8891,0610,JOR,Jordan,2015,0,0,0,0,0,0,0,0,-0.25897900514361966,1,1,1,3,1,1
196,8892,0610,JOR,Jordan,2016,0,0,1,0,0,3,0,5,-0.18507631249614281,1,1,1,3,1,1
197,8893,0610,JOR,Jordan,2017,0,0,0,0,0,0,0,1,-0.2556938569996173,1,1,1,3,1,1
198,8894,0610,JOR,Jordan,2018,0,1,2,1,0,4,0,9,-0.11771763495151868,1,1,1,3,1,1
199,8895,0610,JOR,Jordan,2019,0,1,0,0,0,1,0,4,-0.23106838651217568,1,1,1,3,1,1
200,8907,0615,KAZ,Kazakhstan,2000,0,0,1,0,0,0,1,0,-0.17685030154356093,1,2,2,1,1,1
201,8908,0615,KAZ,Kazakhstan,2001,0,0,0,0,0,0,0,0,-0.25897900514361966,1,2,2,1,1,1
202,8909,0615,KAZ,Kazakhstan,2002,1,0,0,0,0,0,0,0,-0.25077927537618977,1,2,2,1,1,1
203,8910,0615,KAZ,Kazakhstan,2003,0,0,0,0,0,0,0,0,-0.25897900514361966,1,2,2,1,1,1
204,8911,0615,KAZ,Kazakhstan,2004,0,0,0,0,0,0,0,0,-0.25897900514361966,1,2,2,1,1,1
205,8912,0615,KAZ,Kazakhstan,2005,1,0,0,0,0,0,0,0,-0.25077927537618977,1,2,2,1,1,1
206,8913,0615,KAZ,Kazakhstan,2006,1,0,0,1,0,1,0,1,-0.23269781999160086,1,2,2,1,1,1
207,8914,0615,KAZ,Kazakhstan,2007,0,0,0,0,0,0,0,0,-0.25897900514361966,1,2,2,1,1,1
208,8915,0615,KAZ,Kazakhstan,2008,0,0,0,0,0,0,0,0,-0.25897900514361966,1,2,2,1,1,1
209,8916,0615,KAZ,Kazakhstan,2009,0,0,0,0,0,0,0,0,-0.25897900514361966,1,2,2,1,1,1
210,8917,0615,KAZ,Kazakhstan,2010,0,0,0,0,0,0,0,0,-0.25897900514361966,1,2,2,1,1,1
211,8918,0615,KAZ,Kazakhstan,2011,0,0,0,0,0,2,0,1,-0.23926811627960554,1,2,2,1,1,1
212,8919,0615,KAZ,Kazakhstan,2012,0,0,0,0,0,0,0,0,-0.25897900514361966,1,2,2,1,1,1
213,8920,0615,KAZ,Kazakhstan,2013,0,0,0,0,0,0,0,0,-0.25897900514361966,1,2,2,1,1,1
214,8921,0615,KAZ,Kazakhstan,2014,0,0,0,0,0,0,0,0,-0.25897900514361966,1,2,2,1,1,1
215,8922,0615,KAZ,Kazakhstan,2015,0,0,0,0,0,0,0,0,-0.25897900514361966,1,2,2,1,1,1
216,8923,0615,KAZ,Kazakhstan,2016,0,0,2,0,0,0,0,4,-0.1801354496875633,1,2,2,1,1,1
217,8924,0615,KAZ,Kazakhstan,2017,0,0,0,0,0,0,0,0,-0.25897900514361966,1,2,2,1,1,1
218,8925,0615,KAZ,Kazakhstan,2018,0,0,0,0,0,0,0,0,-0.25897900514361966,1,2,2,1,1,1
219,8926,0615,KAZ,Kazakhstan,2019,0,1,0,1,0,1,0,4,-0.224498090224171,1,2,2,1,1,1
220,9228,0640,KWT,Kuwait,2000,0,0,0,0,0,0,0,0,-0.25897900514361966,1,1,1,3,1,1
221,9229,0640,KWT,Kuwait,2001,0,0,0,0,0,0,0,0,-0.25897900514361966,1,1,1,3,1,1
222,9230,0640,KWT,Kuwait,2002,0,0,0,0,0,0,0,0,-0.25897900514361966,1,1,1,3,1,1
223,9231,0640,KWT,Kuwait,2003,0,0,0,0,0,0,0,0,-0.25897900514361966,1,1,1,3,1,1
224,9232,0640,KWT,Kuwait,2004,0,0,0,0,0,0,0,0,-0.25897900514361966,1,1,1,3,1,1
225,9233,0640,KWT,Kuwait,2005,0,0,0,0,0,0,0,0,-0.25897900514361966,1,1,1,3,1,1
226,9234,0640,KWT,Kuwait,2006,0,0,0,0,0,0,0,0,-0.25897900514361966,1,1,1,3,1,1
227,9235,0640,KWT,Kuwait,2007,0,0,0,0,0,0,0,0,-0.25897900514361966,1,1,1,3,1,1
228,9236,0640,KWT,Kuwait,2008,0,0,0,0,0,0,0,0,-0.25897900514361966,1,1,1,3,1,1
229,9237,0640,KWT,Kuwait,2009,0,0,0,1,0,0,0,0,-0.25240870885561495,1,1,1,3,1,1
230,9238,0640,KWT,Kuwait,2010,0,0,0,0,0,0,0,0,-0.25897900514361966,1,1,1,3,1,1
231,9239,0640,KWT,Kuwait,2011,0,1,0,0,0,0,1,2,-0.19656119040757503,1,1,1,3,1,1
232,9240,0640,KWT,Kuwait,2012,0,0,0,2,0,3,0,3,-0.2113574976481616,1,1,1,3,1,1
233,9241,0640,KWT,Kuwait,2013,0,0,0,0,1,0,0,1,-0.2491235607116126,1,1,1,3,1,1
234,9242,0640,KWT,Kuwait,2014,0,0,0,0,0,1,0,2,-0.2442089790881851,1,1,1,3,1,1
235,9243,0640,KWT,Kuwait,2015,0,0,1,0,0,1,0,1,-0.21461636460701192,1,1,1,3,1,1
236,9244,0640,KWT,Kuwait,2016,0,0,0,0,0,0,0,0,-0.25897900514361966,1,1,1,3,1,1
237,9245,0640,KWT,Kuwait,2017,0,0,0,0,0,0,0,0,-0.25897900514361966,1,1,1,3,1,1
238,9246,0640,KWT,Kuwait,2018,0,0,0,0,0,0,0,0,-0.25897900514361966,1,1,1,3,1,1
239,9247,0640,KWT,Kuwait,2019,0,0,0,1,0,0,0,1,-0.2491235607116126,1,1,1,3,1,1
240,9259,0645,KGZ,Kyrgyzstan,2000,0,0,0,0,0,0,0,0,-0.25897900514361966,1,2,2,1,2,1
241,9260,0645,KGZ,Kyrgyzstan,2001,0,0,0,0,0,0,0,0,-0.25897900514361966,1,2,2,1,2,1
242,9261,0645,KGZ,Kyrgyzstan,2002,0,0,0,1,0,1,0,2,-0.23763868280018038,1,2,2,1,2,1
243,9262,0645,KGZ,Kyrgyzstan,2003,0,0,0,0,0,0,0,0,-0.25897900514361966,1,2,2,1,2,1
244,9263,0645,KGZ,Kyrgyzstan,2004,0,0,0,0,0,0,0,0,-0.25897900514361966,1,2,2,1,2,1
245,9264,0645,KGZ,Kyrgyzstan,2005,0,0,0,1,0,0,1,4,-0.18999089411957032,1,2,2,1,2,2
246,9265,0645,KGZ,Kyrgyzstan,2006,0,0,0,0,0,0,0,3,-0.2491235607116126,1,2,2,1,2,2
247,9266,0645,KGZ,Kyrgyzstan,2007,0,0,0,0,0,1,0,1,-0.24749412723218742,1,2,2,1,2,2
248,9267,0645,KGZ,Kyrgyzstan,2008,0,0,0,0,0,0,0,0,-0.25897900514361966,1,2,2,1,2,2
249,9268,0645,KGZ,Kyrgyzstan,2009,0,0,0,0,0,0,0,1,-0.2556938569996173,1,2,2,1,2,2
250,9269,0645,KGZ,Kyrgyzstan,2010,0,0,0,1,0,5,1,0,-0.1620802754881264,1,2,2,1,0,2
251,9270,0645,KGZ,Kyrgyzstan,2011,0,0,0,0,0,0,0,0,-0.25897900514361966,1,2,3,2,2,2
252,9271,0645,KGZ,Kyrgyzstan,2012,0,0,0,0,0,1,0,1,-0.24746784604703542,1,2,3,2,2,2
253,9272,0645,KGZ,Kyrgyzstan,2013,0,0,0,0,0,1,0,0,-0.25077927537618977,1,2,3,2,2,2
254,9273,0645,KGZ,Kyrgyzstan,2014,0,0,0,1,0,1,0,0,-0.2442089790881851,1,2,3,2,2,2
255,9274,0645,KGZ,Kyrgyzstan,2015,0,0,1,0,0,0,0,0,-0.22612752370359615,1,2,3,2,2,2
256,9275,0645,KGZ,Kyrgyzstan,2016,0,0,0,1,1,0,0,0,-0.24583841256761024,1,2,3,2,2,2
257,9276,0645,KGZ,Kyrgyzstan,2017,0,0,0,0,1,1,0,2,-0.23763868280018038,1,2,3,2,2,2
258,9277,0645,KGZ,Kyrgyzstan,2018,0,0,0,1,0,1,0,0,-0.2442089790881851,1,2,3,2,2,2
259,9278,0645,KGZ,Kyrgyzstan,2019,0,0,0,0,0,2,0,4,-0.2294126718475985,1,2,3,2,2,2
260,9455,0670,LBN,Lebanon,2000,0,0,0,0,0,0,0,0,-0.25897900514361966,1,2,2,2,2,2
261,9456,0670,LBN,Lebanon,2001,0,0,0,0,0,0,0,0,-0.25897900514361966,1,2,2,2,2,2
262,9457,0670,LBN,Lebanon,2002,3,0,0,0,0,0,0,0,-0.23435353465617803,1,2,2,2,2,2
263,9458,0670,LBN,Lebanon,2003,0,0,0,0,0,0,0,0,-0.25897900514361966,1,2,2,2,2,2
264,9459,0670,LBN,Lebanon,2004,0,0,0,0,0,0,0,0,-0.25897900514361966,1,2,2,2,2,2
265,9460,0670,LBN,Lebanon,2005,2,0,0,1,0,0,0,3,-0.22612752370359615,1,2,2,2,2,2
266,9461,0670,LBN,Lebanon,2006,1,0,1,1,0,1,0,2,-0.19656119040757503,1,2,2,2,2,2
267,9462,0670,LBN,Lebanon,2007,2,0,0,2,0,1,0,1,-0.2179277939361663,1,2,3,2,2,2
268,9463,0670,LBN,Lebanon,2008,1,0,1,0,0,0,1,0,-0.16865057177613108,1,2,3,2,2,2
269,9464,0670,LBN,Lebanon,2009,0,0,0,0,1,0,0,0,-0.25240870885561495,1,2,3,2,2,2
270,9465,0670,LBN,Lebanon,2010,0,0,0,1,0,0,0,0,-0.25240870885561495,1,2,3,2,2,2
271,9466,0670,LBN,Lebanon,2011,0,0,0,1,0,0,0,2,-0.24583841256761024,1,2,3,2,2,2
272,9467,0670,LBN,Lebanon,2012,2,0,4,1,0,2,0,1,-0.08486615351149521,1,2,3,2,2,2
273,9468,0670,LBN,Lebanon,2013,1,0,5,1,0,2,0,0,-0.06349954998290393,1,2,3,2,2,2
274,9469,0670,LBN,Lebanon,2014,0,0,3,0,0,0,0,4,-0.1472839682475398,1,2,3,2,2,2
275,9470,0670,LBN,Lebanon,2015,0,0,2,0,0,5,0,9,-0.12263221657494619,1,2,3,2,2,2
276,9471,0670,LBN,Lebanon,2016,0,0,2,0,0,1,0,10,-0.15222483105611934,1,2,3,2,2,2
277,9472,0670,LBN,Lebanon,2017,0,0,0,1,0,2,0,3,-0.22612752370359615,1,2,3,2,2,2
278,9473,0670,LBN,Lebanon,2018,0,3,0,0,0,1,0,3,-0.22118666089501662,1,2,3,2,2,2
279,9474,0670,LBN,Lebanon,2019,1,14,2,1,0,12,0,3,0.02191430176115711,1,2,3,2,2,2
280,9745,0700,LBY,Libya,2000,0,0,0,0,0,0,0,0,-0.25897900514361966,1,4,5,3,1,1
281,9746,0700,LBY,Libya,2001,0,0,0,0,0,0,0,0,-0.25897900514361966,1,4,5,3,1,1
282,9747,0700,LBY,Libya,2002,0,0,0,0,0,0,0,0,-0.25897900514361966,1,4,5,3,1,1
283,9748,0700,LBY,Libya,2003,0,0,0,0,0,0,0,0,-0.25897900514361966,1,4,5,3,1,1
284,9749,0700,LBY,Libya,2004,0,0,0,0,0,0,0,0,-0.25897900514361966,1,4,5,3,1,1
285,9750,0700,LBY,Libya,2005,0,0,0,0,0,0,0,0,-0.25897900514361966,1,4,5,3,1,1
286,9751,0700,LBY,Libya,2006,0,0,0,0,0,0,0,0,-0.25897900514361966,1,4,5,3,1,1
287,9752,0700,LBY,Libya,2007,0,0,0,0,0,0,0,0,-0.25897900514361966,1,4,5,3,1,1
288,9753,0700,LBY,Libya,2008,0,0,0,0,0,0,0,0,-0.25897900514361966,1,4,5,3,1,1
289,9754,0700,LBY,Libya,2009,0,0,0,0,0,0,0,0,-0.25897900514361966,1,4,5,3,1,1
290,9755,0700,LBY,Libya,2010,0,0,0,0,0,0,0,0,-0.25897900514361966,1,4,5,3,1,1
291,9756,0700,LBY,Libya,2011,2,0,1,0,0,5,1,12,-0.07995157188806769,1,4,5,3,0,0
292,9757,0700,LBY,Libya,2012,1,0,5,2,0,3,0,1,-0.04544437578346703,1,2,3,2,2,2
293,9758,0700,LBY,Libya,2013,2,0,6,0,0,4,1,1,0.03996947596059401,1,2,3,2,2,2
294,9759,0700,LBY,Libya,2014,3,1,26,2,0,1,1,4,0.7101396973370729,1,2,3,2,2,1
295,9760,0700,LBY,Libya,2015,1,0,28,0,0,0,0,1,0.672373634273622,1,2,3,2,2,1
296,9761,0700,LBY,Libya,2016,0,0,25,1,0,1,0,3,0.5869597825295609,1,2,3,2,2,1
297,9762,0700,LBY,Libya,2017,1,0,12,0,0,0,0,1,0.14674993123324634,1,2,3,2,2,1
298,9763,0700,LBY,Libya,2018,0,0,25,0,0,1,0,2,0.5770780569124019,1,2,3,2,2,1
299,9764,0700,LBY,Libya,2019,0,1,62,0,0,1,0,0,1.7925828701932707,1,2,3,2,2,1
300,10531,0790,MRT,Mauritania,2000,0,0,0,0,0,0,0,0,-0.25897900514361966,1,2,2,1,1,1
301,10532,0790,MRT,Mauritania,2001,0,0,0,0,0,0,0,0,-0.25897900514361966,1,2,2,1,1,1
302,10533,0790,MRT,Mauritania,2002,0,0,0,0,0,0,0,0,-0.25897900514361966,1,2,2,1,1,1
303,10534,0790,MRT,Mauritania,2003,0,0,0,0,0,0,1,0,-0.2097017829835844,1,2,2,1,1,1
304,10535,0790,MRT,Mauritania,2004,0,0,0,0,0,0,1,0,-0.2097017829835844,1,2,2,1,1,1
305,10536,0790,MRT,Mauritania,2005,0,0,0,0,0,0,1,0,-0.2097017829835844,3,3,4,3,1,1
306,10537,0790,MRT,Mauritania,2006,0,0,0,0,0,0,0,0,-0.25897900514361966,2,3,4,3,1,1
307,10538,0790,MRT,Mauritania,2007,0,0,0,0,0,0,0,0,-0.25897900514361966,1,2,2,1,1,1
308,10539,0790,MRT,Mauritania,2008,0,0,0,0,0,0,1,0,-0.2097017829835844,2,3,4,3,1,1
309,10540,0790,MRT,Mauritania,2009,0,0,0,0,0,0,0,0,-0.25897900514361966,1,2,2,1,1,1
310,10541,0790,MRT,Mauritania,2010,0,0,0,0,0,0,0,0,-0.25897900514361966,1,2,2,1,1,1
311,10542,0790,MRT,Mauritania,2011,0,0,0,0,0,0,0,1,-0.2556938569996173,1,2,2,1,1,1
312,10543,0790,MRT,Mauritania,2012,0,0,0,0,0,0,0,0,-0.25897900514361966,1,2,2,1,1,1
313,10544,0790,MRT,Mauritania,2013,0,0,0,0,0,0,0,0,-0.25897900514361966,1,2,2,1,1,1
314,10545,0790,MRT,Mauritania,2014,0,0,0,0,0,1,0,0,-0.25077927537618977,1,2,2,1,1,1
315,10546,0790,MRT,Mauritania,2015,0,0,0,0,0,0,0,0,-0.25897900514361966,1,2,2,1,1,1
316,10547,0790,MRT,Mauritania,2016,0,0,0,0,0,1,0,0,-0.25077927537618977,1,2,2,1,1,1
317,10548,0790,MRT,Mauritania,2017,0,0,0,0,1,2,0,3,-0.22612752370359615,1,2,2,1,1,1
318,10549,0790,MRT,Mauritania,2018,0,1,0,0,0,1,0,1,-0.24089754975903072,1,2,2,1,1,1
319,10550,0790,MRT,Mauritania,2019,0,0,0,0,0,1,0,2,-0.2442089790881851,1,2,2,1,1,1
320,11050,0830,MAR,Morocco,2000,0,0,0,0,0,0,0,2,-0.25240870885561495,1,1,1,3,1,2
321,11051,0830,MAR,Morocco,2001,0,0,0,0,0,0,0,0,-0.25897900514361966,1,1,1,3,1,2
322,11052,0830,MAR,Morocco,2002,0,0,0,0,0,0,0,0,-0.25897900514361966,1,1,1,3,1,2
323,11053,0830,MAR,Morocco,2003,0,0,0,0,0,0,0,0,-0.25897900514361966,1,1,1,3,1,2
324,11054,0830,MAR,Morocco,2004,0,0,0,0,0,0,0,0,-0.25897900514361966,1,1,1,3,1,2
325,11055,0830,MAR,Morocco,2005,0,0,0,0,0,0,0,0,-0.25897900514361966,1,1,1,3,1,2
326,11056,0830,MAR,Morocco,2006,0,0,0,0,0,0,0,0,-0.25897900514361966,1,1,1,3,1,2
327,11057,0830,MAR,Morocco,2007,0,0,1,0,0,0,1,0,-0.17685030154356093,1,1,1,3,1,2
328,11058,0830,MAR,Morocco,2008,0,0,1,0,0,0,1,0,-0.17685030154356093,1,1,1,3,1,2
329,11059,0830,MAR,Morocco,2009,0,0,0,0,0,0,0,0,-0.25897900514361966,1,1,1,3,1,2
330,11060,0830,MAR,Morocco,2010,0,0,0,0,0,0,0,0,-0.25897900514361966,1,1,1,3,1,2
331,11061,0830,MAR,Morocco,2011,0,0,0,0,0,0,0,6,-0.23926811627960554,1,1,1,3,1,2
332,11062,0830,MAR,Morocco,2012,0,0,0,0,0,2,0,3,-0.23269781999160086,1,1,1,3,1,2
333,11063,0830,MAR,Morocco,2013,0,0,0,0,0,0,0,4,-0.24583841256761024,1,1,1,3,1,2
334,11064,0830,MAR,Morocco,2014,0,1,0,0,0,4,0,2,-0.21298693112758676,1,1,1,3,1,2
335,11065,0830,MAR,Morocco,2015,0,0,0,0,0,0,0,6,-0.23926811627960554,1,1,1,3,1,2
336,11066,0830,MAR,Morocco,2016,0,1,0,0,0,2,0,6,-0.21627207927158912,1,1,1,3,1,2
337,11067,0830,MAR,Morocco,2017,0,2,0,0,0,5,0,11,-0.16862429059097905,1,1,1,3,1,2
338,11068,0830,MAR,Morocco,2018,0,1,0,0,1,1,0,9,-0.20804606831900724,1,1,1,3,1,2
339,11069,0830,MAR,Morocco,2019,0,9,0,0,0,2,0,16,-0.13085822752752807,1,1,1,3,1,2
340,11980,0895,OMN,Oman,2000,0,0,0,0,0,0,0,0,-0.25897900514361966,1,1,1,3,0,1
341,11981,0895,OMN,Oman,2001,0,0,0,0,0,0,0,0,-0.25897900514361966,1,1,1,3,0,1
342,11982,0895,OMN,Oman,2002,0,0,0,0,0,0,0,0,-0.25897900514361966,1,1,1,3,0,1
343,11983,0895,OMN,Oman,2003,0,0,0,0,0,0,0,0,-0.25897900514361966,1,1,1,3,0,1
344,11984,0895,OMN,Oman,2004,0,0,0,0,0,0,0,0,-0.25897900514361966,1,1,1,3,0,1
345,11985,0895,OMN,Oman,2005,0,0,0,0,0,0,0,0,-0.25897900514361966,1,1,1,3,0,1
346,11986,0895,OMN,Oman,2006,0,0,0,0,0,0,0,0,-0.25897900514361966,1,1,1,3,0,1
347,11987,0895,OMN,Oman,2007,0,0,0,0,0,0,0,0,-0.25897900514361966,1,1,1,3,0,1
348,11988,0895,OMN,Oman,2008,0,0,0,0,0,0,0,0,-0.25897900514361966,1,1,1,3,0,1
349,11989,0895,OMN,Oman,2009,0,0,0,0,0,0,0,0,-0.25897900514361966,1,1,1,3,0,1
350,11990,0895,OMN,Oman,2010,0,0,0,0,0,0,0,0,-0.25897900514361966,1,1,1,3,0,1
351,11991,0895,OMN,Oman,2011,0,0,0,0,0,1,0,6,-0.23106838651217568,1,1,1,3,0,1
352,11992,0895,OMN,Oman,2012,0,0,0,0,0,0,0,0,-0.25897900514361966,1,1,1,3,0,1
353,11993,0895,OMN,Oman,2013,0,0,0,0,0,0,0,0,-0.25897900514361966,1,1,1,3,0,1
354,11994,0895,OMN,Oman,2014,0,0,0,0,0,0,0,0,-0.25897900514361966,1,1,1,3,0,1
355,11995,0895,OMN,Oman,2015,0,0,0,0,0,0,0,0,-0.25897900514361966,1,1,1,3,0,1
356,11996,0895,OMN,Oman,2016,0,0,0,0,0,0,0,0,-0.25897900514361966,1,1,1,3,0,1
357,11997,0895,OMN,Oman,2017,0,0,0,0,0,0,0,0,-0.25897900514361966,1,1,1,3,0,1
358,11998,0895,OMN,Oman,2018,0,0,0,0,0,0,0,0,-0.25897900514361966,1,1,1,3,0,1
359,11999,0895,OMN,Oman,2019,0,0,0,0,0,0,0,1,-0.2556938569996173,1,1,1,3,0,1
360,12055,0900,PAK,Pakistan,2000,1,0,0,0,0,0,0,0,-0.25077927537618977,3,2,4,3,0,0
361,12056,0900,PAK,Pakistan,2001,0,0,0,0,0,1,0,2,-0.2442089790881851,3,2,4,3,0,0
362,12057,0900,PAK,Pakistan,2002,0,0,0,0,0,0,0,3,-0.2491235607116126,3,2,4,3,2,2
363,12058,0900,PAK,Pakistan,2003,3,0,0,1,0,0,0,0,-0.22778323836817335,3,2,4,3,2,2
364,12059,0900,PAK,Pakistan,2004,5,0,0,0,0,0,0,0,-0.2179277939361663,3,2,4,3,2,2
365,12060,0900,PAK,Pakistan,2005,0,0,0,0,0,0,0,0,-0.25897900514361966,3,2,4,3,2,2
366,12061,0900,PAK,Pakistan,2006,0,0,0,0,0,2,0,4,-0.2294126718475985,3,2,4,3,2,2
367,12062,0900,PAK,Pakistan,2007,2,1,0,2,0,4,0,3,-0.1801354496875633,3,2,4,3,2,2
368,12063,0900,PAK,Pakistan,2008,0,0,0,3,0,1,0,3,-0.22121294208016865,1,2,2,1,2,2
369,12064,0900,PAK,Pakistan,2009,0,0,1,1,0,1,0,2,-0.2047872013601569,1,2,2,1,2,2
370,12065,0900,PAK,Pakistan,2010,3,0,1,1,0,0,0,0,-0.19493175692814987,1,2,3,2,2,2
371,12066,0900,PAK,Pakistan,2011,4,0,1,1,0,1,0,2,-0.17193571992013343,1,2,3,2,2,2
372,12067,0900,PAK,Pakistan,2012,2,0,9,2,0,4,1,1,0.15166451285667384,1,2,3,2,2,2
373,12068,0900,PAK,Pakistan,2013,3,0,50,0,1,7,0,5,1.4887198074656294,1,2,3,2,2,2
374,12069,0900,PAK,Pakistan,2014,1,0,57,1,0,11,0,8,1.7449613626978127,1,2,3,2,2,2
375,12070,0900,PAK,Pakistan,2015,3,0,32,0,0,3,0,31,0.9433852155612397,1,2,3,2,2,2
376,12071,0900,PAK,Pakistan,2016,0,1,47,0,0,5,0,55,1.513371559138223,1,2,3,2,2,2
377,12072,0900,PAK,Pakistan,2017,1,0,61,1,0,3,0,6,1.804094029289855,1,2,3,2,2,2
378,12073,0900,PAK,Pakistan,2018,1,0,46,0,1,7,0,15,1.3737396224255471,1,2,3,2,2,2
379,12074,0900,PAK,Pakistan,2019,0,9,82,0,2,17,0,57,2.834001113027167,1,2,3,2,2,2
380,12134,0903,WBG,Palestinian Autonomous Areas,2000,,,,,,,,,,,2,2,1,0,1
381,12135,0903,WBG,Palestinian Autonomous Areas,2001,,,,,,,,,,,2,2,1,0,1
382,12136,0903,WBG,Palestinian Autonomous Areas,2002,,,,,,,,,,,2,2,1,2,1
383,12137,0903,WBG,Palestinian Autonomous Areas,2003,,,,,,,,,,,2,2,1,2,2
384,12138,0903,WBG,Palestinian Autonomous Areas,2004,,,,,,,,,,,2,2,1,2,2
385,12139,0903,WBG,Palestinian Autonomous Areas,2005,,,,,,,,,,,2,2,1,2,2
386,12140,0903,WBG,Palestinian Autonomous Areas,2006,,,,,,,,,,,2,2,1,2,2
387,12141,0903,WBG,Palestinian Autonomous Areas,2007,,,,,,,,,,,,,,,
388,12142,0903,WBG,Palestinian Autonomous Areas,2008,,,,,,,,,,,,,,,
389,12143,0903,WBG,Palestinian Autonomous Areas,2009,0,0,0,0,0,0,1,0,-0.2097017829835844,,,,,,
390,12144,0903,WBG,Palestinian Autonomous Areas,2010,1,0,0,0,0,0,0,0,-0.25077927537618977,,,,,,
391,12145,0903,WBG,Palestinian Autonomous Areas,2011,0,0,0,0,0,0,0,0,-0.25897900514361966,,,,,,
392,12146,0903,WBG,Palestinian Autonomous Areas,2012,0,1,0,0,0,1,0,1,-0.24089754975903072,,,,,,
393,12147,0903,WBG,Palestinian Autonomous Areas,2013,0,0,0,0,0,1,0,0,-0.25077927537618977,,,,,,
394,12148,0903,WBG,Palestinian Autonomous Areas,2014,0,0,0,0,0,2,0,0,-0.2425532644236079,,,,,,
395,12149,0903,WBG,Palestinian Autonomous Areas,2015,0,1,0,1,0,3,0,0,-0.22118666089501662,,,,,,
396,12150,0903,WBG,Palestinian Autonomous Areas,2016,0,0,0,0,0,1,0,2,-0.2442089790881851,,,,,,
397,12151,0903,WBG,Palestinian Autonomous Areas,2017,1,0,0,0,0,6,0,2,-0.19490547574299785,,,,,,
398,12152,0903,WBG,Palestinian Autonomous Areas,2018,1,1,0,0,0,2,0,1,-0.224498090224171,,,,,,
399,12153,0903,WBG,Palestinian Autonomous Areas,2019,0,2,1,1,0,17,0,5,-0.05035895740689454,,,,,,
400,13119,0965,QAT,Qatar,2000,0,0,0,0,0,0,0,0,-0.25897900514361966,1,1,1,3,1,1
401,13120,0965,QAT,Qatar,2001,0,0,0,0,0,0,0,0,-0.25897900514361966,1,1,1,3,1,1
402,13121,0965,QAT,Qatar,2002,0,0,0,0,0,0,0,0,-0.25897900514361966,1,1,1,3,1,1
403,13122,0965,QAT,Qatar,2003,0,0,0,0,0,0,0,0,-0.25897900514361966,1,1,1,3,1,1
404,13123,0965,QAT,Qatar,2004,0,0,0,0,0,0,0,0,-0.25897900514361966,1,1,1,3,1,1
405,13124,0965,QAT,Qatar,2005,0,0,0,0,0,0,0,0,-0.25897900514361966,1,1,1,3,1,1
406,13125,0965,QAT,Qatar,2006,0,0,0,0,0,0,0,0,-0.25897900514361966,1,1,1,3,1,1
407,13126,0965,QAT,Qatar,2007,0,0,0,0,0,0,0,0,-0.25897900514361966,1,1,1,3,1,1
408,13127,0965,QAT,Qatar,2008,0,0,0,0,0,0,0,0,-0.25897900514361966,1,1,1,3,1,1
409,13128,0965,QAT,Qatar,2009,0,0,0,0,0,0,0,0,-0.25897900514361966,1,1,1,3,1,1
410,13129,0965,QAT,Qatar,2010,0,0,0,0,0,0,0,0,-0.25897900514361966,1,1,1,3,1,1
411,13130,0965,QAT,Qatar,2011,0,0,0,0,0,0,0,0,-0.25897900514361966,1,1,1,3,1,1
412,13131,0965,QAT,Qatar,2012,0,0,0,0,0,0,0,0,-0.25897900514361966,1,1,1,3,1,1
413,13132,0965,QAT,Qatar,2013,0,0,0,0,0,0,0,0,-0.25897900514361966,1,1,1,3,1,1
414,13133,0965,QAT,Qatar,2014,0,0,0,0,0,1,0,0,-0.25077927537618977,1,1,1,3,1,1
415,13134,0965,QAT,Qatar,2015,0,0,0,0,0,0,0,0,-0.25897900514361966,1,1,1,3,1,1
416,13135,0965,QAT,Qatar,2016,0,0,0,0,0,0,0,0,-0.25897900514361966,1,1,1,3,1,1
417,13136,0965,QAT,Qatar,2017,0,0,0,0,0,0,0,1,-0.2556938569996173,1,1,1,3,1,1
418,13137,0965,QAT,Qatar,2018,0,0,0,0,0,0,0,0,-0.25897900514361966,1,1,1,3,1,1
419,13138,0965,QAT,Qatar,2019,0,1,0,0,0,0,0,0,-0.25240870885561495,1,1,1,3,1,1
420,13608,0990,SAU,Saudi Arabia,2000,0,0,0,0,0,0,0,0,-0.25897900514361966,1,1,1,3,1,1
421,13609,0990,SAU,Saudi Arabia,2001,0,0,0,0,0,0,0,0,-0.25897900514361966,1,1,1,3,1,1
422,13610,0990,SAU,Saudi Arabia,2002,0,0,0,0,0,0,0,0,-0.25897900514361966,1,1,1,3,1,1
423,13611,0990,SAU,Saudi Arabia,2003,0,0,0,0,0,0,0,1,-0.2556938569996173,1,1,1,3,1,1
424,13612,0990,SAU,Saudi Arabia,2004,0,0,0,0,0,0,0,0,-0.25897900514361966,1,1,1,3,1,1
425,13613,0990,SAU,Saudi Arabia,2005,0,0,0,0,0,0,0,0,-0.25897900514361966,1,1,1,3,1,1
426,13614,0990,SAU,Saudi Arabia,2006,0,0,0,0,0,0,0,0,-0.25897900514361966,1,1,1,3,1,1
427,13615,0990,SAU,Saudi Arabia,2007,0,0,0,0,0,0,0,0,-0.25897900514361966,1,1,1,3,1,1
428,13616,0990,SAU,Saudi Arabia,2008,0,0,0,0,0,0,0,0,-0.25897900514361966,1,1,1,3,1,1
429,13617,0990,SAU,Saudi Arabia,2009,0,0,0,0,0,0,0,0,-0.25897900514361966,1,1,1,3,1,1
430,13618,0990,SAU,Saudi Arabia,2010,0,0,0,0,0,0,0,0,-0.25897900514361966,1,1,1,3,1,1
431,13619,0990,SAU,Saudi Arabia,2011,0,0,0,0,0,2,0,9,-0.21298693112758676,1,1,1,3,1,1
432,13620,0990,SAU,Saudi Arabia,2012,0,0,0,0,0,1,0,4,-0.23763868280018038,1,1,1,3,1,1
433,13621,0990,SAU,Saudi Arabia,2013,0,0,0,0,0,0,0,1,-0.2556938569996173,1,1,1,3,1,1
434,13622,0990,SAU,Saudi Arabia,2014,0,0,0,0,0,0,0,0,-0.25897900514361966,1,1,1,3,1,1
435,13623,0990,SAU,Saudi Arabia,2015,0,0,11,0,0,0,0,0,0.10238729069663863,1,1,1,3,1,1
436,13624,0990,SAU,Saudi Arabia,2016,0,0,5,0,0,0,0,4,-0.08158100536749285,1,1,1,3,1,1
437,13625,0990,SAU,Saudi Arabia,2017,0,0,9,0,1,1,0,1,0.05476578320118059,1,1,1,3,1,1
438,13626,0990,SAU,Saudi Arabia,2018,0,0,0,0,0,1,0,0,-0.25077927537618977,1,1,1,3,1,1
439,13627,0990,SAU,Saudi Arabia,2019,0,0,2,0,0,0,0,0,-0.19327604226357267,1,1,1,3,1,1
440,13978,1030,SOM,Somalia,2000,0,0,0,0,0,0,0,0,-0.25897900514361966,4,2,2,2,3,2
441,13979,1030,SOM,Somalia,2001,0,0,0,0,0,0,0,1,-0.2556938569996173,4,2,2,2,3,2
442,13980,1030,SOM,Somalia,2002,0,0,0,0,0,0,0,0,-0.25897900514361966,4,2,2,2,3,2
443,13981,1030,SOM,Somalia,2003,0,0,0,0,0,0,0,0,-0.25897900514361966,4,2,2,2,3,2
444,13982,1030,SOM,Somalia,2004,0,0,1,0,0,0,0,0,-0.22612752370359615,4,2,2,2,2,2
445,13983,1030,SOM,Somalia,2005,0,0,1,0,0,1,0,0,-0.2179277939361663,4,2,2,2,2,2
446,13984,1030,SOM,Somalia,2006,1,0,1,0,0,0,2,1,-0.11608820147209352,4,2,2,2,2,2
447,13985,1030,SOM,Somalia,2007,0,0,1,2,0,0,1,1,-0.1604245608235492,4,2,2,2,1,1
448,13986,1030,SOM,Somalia,2008,0,0,1,2,0,4,1,0,-0.13085822752752807,4,2,2,2,1,1
449,13987,1030,SOM,Somalia,2009,1,0,0,1,0,1,1,0,-0.186705745975568,4,2,2,2,1,1
450,13988,1030,SOM,Somalia,2010,0,0,1,1,0,0,1,0,-0.17028000525555625,4,2,2,2,1,1
451,13989,1030,SOM,Somalia,2011,1,0,1,0,0,0,0,0,-0.2179277939361663,4,2,2,2,1,1
452,13990,1030,SOM,Somalia,2012,2,0,3,0,0,0,0,0,-0.14399882010353746,1,2,2,2,1,1
453,13991,1030,SOM,Somalia,2013,1,0,7,1,0,0,0,0,-0.014248609008020734,1,2,2,2,1,1
454,13992,1030,SOM,Somalia,2014,8,0,39,1,0,0,0,0,1.0945020301853476,1,2,2,2,1,1
455,13993,1030,SOM,Somalia,2015,7,0,34,0,0,0,0,0,0.9154745969297957,1,2,2,2,1,1
456,13994,1030,SOM,Somalia,2016,0,0,63,0,0,1,0,0,1.8188640553452895,1,2,2,2,1,1
457,13995,1030,SOM,Somalia,2017,2,0,67,0,0,2,0,1,1.9782068809219795,1,2,2,2,1,1
458,13996,1030,SOM,Somalia,2018,1,0,70,0,0,1,0,1,2.060335584522038,1,2,2,2,1,1
459,13997,1030,SOM,Somalia,2019,0,0,67,0,0,1,0,0,1.9502699811053834,1,2,2,2,1,1
460,14466,1070,SDN,Sudan,2000,0,0,0,0,0,0,0,0,-0.25897900514361966,1,2,2,1,1,1
461,14467,1070,SDN,Sudan,2001,0,0,0,0,0,0,1,0,-0.2097017829835844,1,2,2,1,1,1
462,14468,1070,SDN,Sudan,2002,0,0,1,0,0,0,1,0,-0.17685030154356093,1,2,2,1,1,1
463,14469,1070,SDN,Sudan,2003,0,0,1,0,0,0,1,0,-0.17685030154356093,1,2,2,1,1,1
464,14470,1070,SDN,Sudan,2004,0,0,2,0,0,0,2,0,-0.09472159794350224,1,2,2,1,1,1
465,14471,1070,SDN,Sudan,2005,0,0,2,0,0,1,2,0,-0.08652186817607238,1,2,2,1,1,1
466,14472,1070,SDN,Sudan,2006,0,0,1,0,0,0,1,0,-0.17685030154356093,1,2,2,1,1,1
467,14473,1070,SDN,Sudan,2007,0,0,0,0,0,0,0,0,-0.25897900514361966,1,2,2,1,0,1
468,14474,1070,SDN,Sudan,2008,0,0,1,0,0,0,1,0,-0.17685030154356093,1,2,2,1,0,1
469,14475,1070,SDN,Sudan,2009,0,0,1,0,0,0,1,1,-0.17356515339955858,1,2,2,1,0,1
470,14476,1070,SDN,Sudan,2010,0,0,1,0,0,0,0,0,-0.22612752370359615,1,2,2,1,0,1
471,14477,1070,SDN,Sudan,2011,0,0,1,0,0,1,0,1,-0.21461636460701192,1,2,2,1,0,1
472,14478,1070,SDN,Sudan,2012,0,0,4,0,0,3,1,5,-0.03721836483088515,1,2,2,1,0,1
473,14479,1070,SDN,Sudan,2013,0,0,4,0,0,4,0,1,-0.0914364497994999,1,2,2,1,0,1
474,14480,1070,SDN,Sudan,2014,0,0,0,0,3,2,0,3,-0.21298693112758676,1,2,2,1,0,1
475,14481,1070,SDN,Sudan,2015,0,0,8,0,1,0,0,1,0.013688290808575232,1,2,2,1,0,1
476,14482,1070,SDN,Sudan,2016,0,2,2,0,1,6,0,8,-0.09800674608750459,1,2,2,1,0,1
477,14483,1070,SDN,Sudan,2017,0,0,0,0,1,0,0,0,-0.25240870885561495,1,2,2,1,1,1
478,14484,1070,SDN,Sudan,2018,0,1,12,0,2,7,0,14,0.25844496812932616,1,2,2,1,1,1
479,14485,1070,SDN,Sudan,2019,0,7,0,0,1,16,2,24,0.10238729069663863,2,4,5,3,0,0
480,15239,1110,SYR,Syria,2000,0,0,0,0,0,0,0,0,-0.25897900514361966,1,2,2,1,1,1
481,15240,1110,SYR,Syria,2001,0,0,0,0,0,0,0,0,-0.25897900514361966,1,2,2,1,1,1
482,15241,1110,SYR,Syria,2002,0,0,0,0,0,0,0,0,-0.25897900514361966,1,2,2,1,1,1
483,15242,1110,SYR,Syria,2003,0,0,0,0,0,0,0,0,-0.25897900514361966,1,2,2,1,1,1
484,15243,1110,SYR,Syria,2004,0,0,0,0,0,0,0,1,-0.2556938569996173,1,2,2,1,1,1
485,15244,1110,SYR,Syria,2005,0,0,0,0,0,0,0,0,-0.25897900514361966,1,2,2,1,1,1
486,15245,1110,SYR,Syria,2006,0,0,0,0,0,0,0,0,-0.25897900514361966,1,2,2,1,1,1
487,15246,1110,SYR,Syria,2007,0,0,0,0,0,0,0,0,-0.25897900514361966,1,2,2,1,1,1
488,15247,1110,SYR,Syria,2008,0,0,0,0,0,0,0,0,-0.25897900514361966,1,2,2,1,1,1
489,15248,1110,SYR,Syria,2009,0,0,0,0,0,0,0,0,-0.25897900514361966,1,2,2,1,1,1
490,15249,1110,SYR,Syria,2010,0,0,0,0,0,0,0,0,-0.25897900514361966,1,2,2,1,1,1
491,15250,1110,SYR,Syria,2011,0,7,1,0,3,7,1,74,0.18943057592012483,1,2,2,1,1,1
492,15251,1110,SYR,Syria,2012,2,1,2,0,0,6,1,27,0.01697343895257758,1,2,2,1,1,1
493,15252,1110,SYR,Syria,2013,3,0,41,0,0,0,0,2,1.1191537818579413,1,2,2,1,1,1
494,15253,1110,SYR,Syria,2014,1,0,47,0,0,0,0,1,1.2965517816340681,1,2,2,1,1,1
495,15254,1110,SYR,Syria,2015,0,0,72,0,0,0,0,1,2.1096128066820734,1,2,2,1,1,1
496,15255,1110,SYR,Syria,2016,0,0,48,0,0,0,0,2,1.324462400265512,1,2,2,1,1,1
497,15256,1110,SYR,Syria,2017,0,0,40,0,0,0,0,0,1.0550802524573195,1,2,2,1,1,1
498,15257,1110,SYR,Syria,2018,0,0,70,0,0,0,0,1,2.0439098438020262,1,2,2,1,1,1
499,15258,1110,SYR,Syria,2019,1,0,117,0,0,6,0,9,3.6716876085626136,1,2,2,1,1,1
500,15270,1115,TJK,Tajikistan,2000,0,0,0,0,0,0,0,0,-0.25897900514361966,1,2,2,1,1,1
501,15271,1115,TJK,Tajikistan,2001,1,0,0,0,0,0,0,0,-0.25077927537618977,1,2,2,1,1,1
502,15272,1115,TJK,Tajikistan,2002,0,0,0,0,0,0,0,0,-0.25897900514361966,1,2,2,1,1,1
503,15273,1115,TJK,Tajikistan,2003,0,0,0,0,0,0,0,0,-0.25897900514361966,1,2,2,1,1,1
504,15274,1115,TJK,Tajikistan,2004,0,0,0,0,0,0,0,0,-0.25897900514361966,1,2,2,1,1,1
505,15275,1115,TJK,Tajikistan,2005,0,0,0,0,0,0,0,0,-0.25897900514361966,1,2,2,1,1,1
506,15276,1115,TJK,Tajikistan,2006,0,0,0,0,0,0,0,0,-0.25897900514361966,1,2,2,1,1,1
507,15277,1115,TJK,Tajikistan,2007,0,0,0,0,0,0,0,0,-0.25897900514361966,1,2,2,1,1,1
508,15278,1115,TJK,Tajikistan,2008,0,0,0,0,0,0,0,0,-0.25897900514361966,1,2,2,1,1,1
509,15279,1115,TJK,Tajikistan,2009,0,0,0,0,0,0,0,0,-0.25897900514361966,1,2,2,1,1,1
510,15280,1115,TJK,Tajikistan,2010,0,0,1,0,0,0,0,0,-0.22612752370359615,1,2,2,1,1,1
511,15281,1115,TJK,Tajikistan,2011,0,0,1,0,0,0,0,0,-0.22612752370359615,1,2,2,1,1,1
512,15282,1115,TJK,Tajikistan,2012,0,0,1,0,0,0,0,0,-0.22612752370359615,1,2,2,1,1,1
513,15283,1115,TJK,Tajikistan,2013,0,0,0,0,0,0,0,0,-0.25897900514361966,1,2,2,1,1,1
514,15284,1115,TJK,Tajikistan,2014,0,0,0,0,0,1,0,1,-0.24746784604703542,1,2,2,1,1,1
515,15285,1115,TJK,Tajikistan,2015,1,0,1,0,1,0,0,0,-0.2113574976481616,1,2,2,1,1,1
516,15286,1115,TJK,Tajikistan,2016,0,0,0,0,0,0,0,0,-0.25897900514361966,1,2,2,1,1,1
517,15287,1115,TJK,Tajikistan,2017,0,0,0,0,0,0,0,0,-0.25897900514361966,1,2,2,1,1,1
518,15288,1115,TJK,Tajikistan,2018,0,0,2,0,0,0,0,1,-0.18999089411957032,1,2,2,1,1,1
519,15289,1115,TJK,Tajikistan,2019,0,0,0,0,1,1,0,0,-0.2442089790881851,1,2,2,1,1,1
520,15734,1160,TUN,Tunisia,2000,0,0,0,0,0,0,0,0,-0.25897900514361966,1,2,2,1,1,2
521,15735,1160,TUN,Tunisia,2001,0,0,0,0,0,0,0,0,-0.25897900514361966,1,2,2,1,1,2
522,15736,1160,TUN,Tunisia,2002,0,0,0,0,0,0,0,0,-0.25897900514361966,1,2,2,1,1,2
523,15737,1160,TUN,Tunisia,2003,0,0,0,0,0,0,0,0,-0.25897900514361966,1,2,2,1,1,2
524,15738,1160,TUN,Tunisia,2004,0,0,0,0,0,0,0,0,-0.25897900514361966,1,2,2,1,1,2
525,15739,1160,TUN,Tunisia,2005,0,0,0,0,0,0,0,0,-0.25897900514361966,1,2,2,1,1,2
526,15740,1160,TUN,Tunisia,2006,0,0,0,0,0,0,0,0,-0.25897900514361966,1,2,2,1,1,2
527,15741,1160,TUN,Tunisia,2007,0,0,0,0,0,0,0,0,-0.25897900514361966,1,2,2,1,1,2
528,15742,1160,TUN,Tunisia,2008,0,0,0,0,0,0,0,0,-0.25897900514361966,1,2,2,1,1,2
529,15743,1160,TUN,Tunisia,2009,0,0,0,0,0,0,0,0,-0.25897900514361966,1,2,2,1,1,2
530,15744,1160,TUN,Tunisia,2010,0,0,0,0,0,0,0,0,-0.25897900514361966,1,2,2,1,1,2
531,15745,1160,TUN,Tunisia,2011,0,2,0,0,1,13,1,16,-0.030648068542880453,1,2,2,1,2,2
532,15746,1160,TUN,Tunisia,2012,0,0,0,0,0,4,0,4,-0.21298693112758676,1,2,2,1,2,2
533,15747,1160,TUN,Tunisia,2013,2,2,2,2,2,2,0,8,-0.09472159794350224,1,2,2,1,2,2
534,15748,1160,TUN,Tunisia,2014,2,0,12,1,0,2,0,2,0.18123084615269497,1,2,2,1,2,2
535,15749,1160,TUN,Tunisia,2015,2,1,6,0,0,0,0,2,-0.03230378320745764,1,2,2,1,2,2
536,15750,1160,TUN,Tunisia,2016,0,0,3,1,0,3,0,9,-0.09966246075208178,1,2,2,1,2,2
537,15751,1160,TUN,Tunisia,2017,0,2,2,0,0,3,0,2,-0.14891340172696496,1,2,2,1,2,2
538,15752,1160,TUN,Tunisia,2018,0,2,3,0,0,5,0,8,-0.07995157188806769,1,2,2,1,2,2
539,15753,1160,TUN,Tunisia,2019,0,4,6,0,0,1,0,6,-0.007678312720016038,1,2,2,1,2,2
540,15961,1172,TKM,Turkmenistan,2000,0,0,0,0,0,0,0,0,-0.25897900514361966,1,2,2,1,1,1
541,15962,1172,TKM,Turkmenistan,2001,0,0,0,0,0,0,0,0,-0.25897900514361966,1,2,2,1,1,1
542,15963,1172,TKM,Turkmenistan,2002,1,0,0,0,0,0,0,0,-0.25077927537618977,1,2,2,1,1,1
543,15964,1172,TKM,Turkmenistan,2003,0,0,0,0,0,0,0,0,-0.25897900514361966,1,2,2,1,1,1
544,15965,1172,TKM,Turkmenistan,2004,0,0,0,0,0,0,0,0,-0.25897900514361966,1,2,2,1,1,1
545,15966,1172,TKM,Turkmenistan,2005,0,0,0,0,0,0,0,0,-0.25897900514361966,1,2,2,1,1,1
546,15967,1172,TKM,Turkmenistan,2006,0,0,0,0,0,0,0,0,-0.25897900514361966,1,2,2,1,1,1
547,15968,1172,TKM,Turkmenistan,2007,0,0,0,0,0,0,0,0,-0.25897900514361966,1,2,2,1,0,1
548,15969,1172,TKM,Turkmenistan,2008,0,0,0,0,0,0,0,0,-0.25897900514361966,1,2,2,1,0,1
549,15970,1172,TKM,Turkmenistan,2009,0,0,0,0,0,0,0,0,-0.25897900514361966,1,2,2,1,0,1
550,15971,1172,TKM,Turkmenistan,2010,0,0,0,0,0,0,0,0,-0.25897900514361966,1,2,2,1,0,1
551,15972,1172,TKM,Turkmenistan,2011,0,0,0,0,0,0,0,0,-0.25897900514361966,1,2,2,1,0,1
552,15973,1172,TKM,Turkmenistan,2012,0,0,0,0,0,0,0,0,-0.25897900514361966,1,2,2,1,0,1
553,15974,1172,TKM,Turkmenistan,2013,0,0,0,0,0,0,0,0,-0.25897900514361966,1,2,2,1,0,1
554,15975,1172,TKM,Turkmenistan,2014,0,0,0,0,0,0,0,0,-0.25897900514361966,1,2,2,1,0,1
555,15976,1172,TKM,Turkmenistan,2015,0,0,0,0,0,0,0,0,-0.25897900514361966,1,2,2,1,0,1
556,15977,1172,TKM,Turkmenistan,2016,0,0,0,0,0,0,0,0,-0.25897900514361966,1,2,2,1,0,1
557,15978,1172,TKM,Turkmenistan,2017,0,0,0,0,0,0,0,0,-0.25897900514361966,1,2,2,1,0,1
558,15979,1172,TKM,Turkmenistan,2018,0,0,0,0,0,0,0,0,-0.25897900514361966,1,2,2,1,0,1
559,15980,1172,TKM,Turkmenistan,2019,0,0,0,0,0,0,0,0,-0.25897900514361966,1,2,2,1,0,1
560,16147,1185,ARE,United Arab Emirates,2000,0,0,0,0,0,0,0,0,-0.25897900514361966,1,2,2,3,1,1
561,16148,1185,ARE,United Arab Emirates,2001,0,0,0,0,0,0,0,0,-0.25897900514361966,1,2,2,3,1,1
562,16149,1185,ARE,United Arab Emirates,2002,0,0,0,0,0,0,0,0,-0.25897900514361966,1,2,2,3,1,1
563,16150,1185,ARE,United Arab Emirates,2003,0,0,0,0,0,0,0,0,-0.25897900514361966,1,2,2,3,1,1
564,16151,1185,ARE,United Arab Emirates,2004,0,0,0,0,0,0,0,0,-0.25897900514361966,1,2,2,3,1,1
565,16152,1185,ARE,United Arab Emirates,2005,0,0,0,0,0,0,0,0,-0.25897900514361966,1,2,2,3,1,1
566,16153,1185,ARE,United Arab Emirates,2006,0,0,0,0,0,0,0,0,-0.25897900514361966,1,2,2,3,1,1
567,16154,1185,ARE,United Arab Emirates,2007,0,0,0,0,0,0,0,0,-0.25897900514361966,1,2,2,3,1,1
568,16155,1185,ARE,United Arab Emirates,2008,0,0,0,0,0,0,0,0,-0.25897900514361966,1,2,2,3,1,1
569,16156,1185,ARE,United Arab Emirates,2009,0,0,0,0,0,0,0,0,-0.25897900514361966,1,2,2,3,1,1
570,16157,1185,ARE,United Arab Emirates,2010,0,0,0,0,0,0,0,0,-0.25897900514361966,1,2,2,3,1,1
571,16158,1185,ARE,United Arab Emirates,2011,0,0,0,0,0,0,0,0,-0.25897900514361966,1,2,2,3,1,1
572,16159,1185,ARE,United Arab Emirates,2012,0,0,0,0,0,0,0,0,-0.25897900514361966,1,2,2,3,1,1
573,16160,1185,ARE,United Arab Emirates,2013,0,0,0,0,0,0,1,0,-0.2097017829835844,1,2,2,3,1,1
574,16161,1185,ARE,United Arab Emirates,2014,0,0,0,0,0,0,0,0,-0.25897900514361966,1,2,2,3,1,1
575,16162,1185,ARE,United Arab Emirates,2015,0,0,0,0,0,0,0,0,-0.25897900514361966,1,2,2,3,1,1
576,16163,1185,ARE,United Arab Emirates,2016,0,0,0,0,0,0,0,0,-0.25897900514361966,1,2,2,3,1,1
577,16164,1185,ARE,United Arab Emirates,2017,0,0,0,0,0,0,0,0,-0.25897900514361966,1,2,2,3,1,1
578,16165,1185,ARE,United Arab Emirates,2018,0,0,0,0,0,0,0,0,-0.25897900514361966,1,2,2,3,1,1
579,16166,1185,ARE,United Arab Emirates,2019,0,0,0,0,0,0,0,0,-0.25897900514361966,1,2,2,3,1,1
580,16383,1200,EGY,Egypt,2000,0,0,0,0,0,0,0,0,-0.25897900514361966,1,2,2,1,1,1
581,16384,1200,EGY,Egypt,2001,0,0,0,0,0,0,0,0,-0.25897900514361966,1,2,2,1,1,1
582,16385,1200,EGY,Egypt,2002,0,0,0,0,0,0,0,0,-0.25897900514361966,1,2,2,1,1,1
583,16386,1200,EGY,Egypt,2003,0,0,0,0,0,0,0,1,-0.2556938569996173,1,2,2,1,1,1
584,16387,1200,EGY,Egypt,2004,0,0,0,0,0,0,0,0,-0.25897900514361966,1,2,2,1,1,1
585,16388,1200,EGY,Egypt,2005,0,0,0,0,0,2,0,2,-0.2359829681356032,1,2,2,1,1,1
586,16389,1200,EGY,Egypt,2006,0,0,0,0,0,0,0,0,-0.25897900514361966,1,2,2,1,1,1
587,16390,1200,EGY,Egypt,2007,0,0,0,0,0,0,0,1,-0.2556938569996173,1,2,2,1,1,1
588,16391,1200,EGY,Egypt,2008,0,1,0,0,0,0,0,1,-0.2491235607116126,1,2,2,1,1,1
589,16392,1200,EGY,Egypt,2009,0,0,0,0,0,1,0,1,-0.24749412723218742,1,2,2,1,1,1
590,16393,1200,EGY,Egypt,2010,0,0,0,0,0,2,0,4,-0.2294126718475985,1,2,2,1,1,1
591,16394,1200,EGY,Egypt,2011,1,1,0,0,2,27,1,46,0.191086290584702,2,3,4,1,1,1
592,16395,1200,EGY,Egypt,2012,0,0,0,0,0,9,1,25,-0.04544437578346703,1,2,2,1,1,1
593,16396,1200,EGY,Egypt,2013,1,2,12,1,2,25,1,24,0.5097456605529298,2,2,4,3,0,0
594,16397,1200,EGY,Egypt,2014,0,0,31,1,1,24,0,12,1.0090881784412866,1,2,2,1,1,2
595,16398,1200,EGY,Egypt,2015,0,1,44,1,1,5,0,5,1.2637003001940446,1,2,2,1,1,2
596,16399,1200,EGY,Egypt,2016,0,0,43,0,0,5,0,9,1.2242785224660164,1,2,2,1,1,2
597,16400,1200,EGY,Egypt,2017,0,0,46,0,0,3,0,1,1.2800997597289043,1,2,2,1,1,2
598,16401,1200,EGY,Egypt,2018,0,0,38,0,1,1,0,0,1.004147315632707,1,2,2,1,1,2
599,16402,1200,EGY,Egypt,2019,0,0,39,0,1,2,0,2,1.0517951043133171,1,2,2,1,1,2
600,17306,1241,UZB,Uzbekistan,2000,0,0,1,0,0,0,1,0,-0.17685030154356093,1,2,2,1,1,1
601,17307,1241,UZB,Uzbekistan,2001,0,0,0,0,0,0,1,0,-0.2097017829835844,1,2,2,1,1,1
602,17308,1241,UZB,Uzbekistan,2002,0,0,0,0,0,0,0,0,-0.25897900514361966,1,2,2,1,1,1
603,17309,1241,UZB,Uzbekistan,2003,0,0,0,0,0,0,0,0,-0.25897900514361966,1,2,2,1,1,1
604,17310,1241,UZB,Uzbekistan,2004,0,0,1,0,0,0,0,1,-0.2228423755595938,1,2,2,1,1,1
605,17311,1241,UZB,Uzbekistan,2005,0,0,0,0,0,2,1,1,-0.18999089411957032,1,2,2,1,1,1
606,17312,1241,UZB,Uzbekistan,2006,0,0,0,0,0,0,0,0,-0.25897900514361966,1,2,2,1,1,1
607,17313,1241,UZB,Uzbekistan,2007,0,0,0,0,0,0,0,0,-0.25897900514361966,1,2,2,1,1,1
608,17314,1241,UZB,Uzbekistan,2008,0,0,0,0,0,0,0,0,-0.25897900514361966,1,2,2,1,1,1
609,17315,1241,UZB,Uzbekistan,2009,0,0,0,0,0,0,0,0,-0.25897900514361966,1,2,2,1,1,1
610,17316,1241,UZB,Uzbekistan,2010,0,0,0,0,0,0,0,0,-0.25897900514361966,1,2,2,1,1,1
611,17317,1241,UZB,Uzbekistan,2011,0,0,0,0,0,0,0,0,-0.25897900514361966,1,2,2,1,1,1
612,17318,1241,UZB,Uzbekistan,2012,0,0,0,0,0,0,0,0,-0.25897900514361966,1,2,2,1,1,1
613,17319,1241,UZB,Uzbekistan,2013,0,0,0,0,0,0,0,0,-0.25897900514361966,1,2,2,1,1,1
614,17320,1241,UZB,Uzbekistan,2014,0,0,0,0,0,0,0,0,-0.25897900514361966,1,2,2,1,1,1
615,17321,1241,UZB,Uzbekistan,2015,0,0,0,0,0,0,0,0,-0.25897900514361966,1,2,2,1,1,1
616,17322,1241,UZB,Uzbekistan,2016,0,0,0,0,0,0,0,0,-0.25897900514361966,1,2,2,1,1,1
617,17323,1241,UZB,Uzbekistan,2017,0,0,0,0,0,0,0,0,-0.25897900514361966,1,2,2,1,1,1
618,17324,1241,UZB,Uzbekistan,2018,0,0,0,0,0,0,0,0,-0.25897900514361966,1,2,2,1,1,1
619,17325,1241,UZB,Uzbekistan,2019,0,0,0,0,0,0,0,3,-0.2491235607116126,1,2,2,1,1,1
620,17836,1285,YEM,Yemen Republic,2000,0,0,0,0,0,0,0,0,-0.25897900514361966,1,2,2,1,1,1
621,17837,1285,YEM,Yemen Republic,2001,0,0,0,0,0,0,0,0,-0.25897900514361966,1,2,2,1,1,1
622,17838,1285,YEM,Yemen Republic,2002,0,0,0,0,0,0,0,0,-0.25897900514361966,1,2,2,1,1,1
623,17839,1285,YEM,Yemen Republic,2003,0,0,0,0,0,0,0,0,-0.25897900514361966,1,2,2,1,1,1
624,17840,1285,YEM,Yemen Republic,2004,0,0,0,0,0,0,0,0,-0.25897900514361966,1,2,2,1,1,1
625,17841,1285,YEM,Yemen Republic,2005,0,0,0,0,0,1,0,0,-0.25077927537618977,1,2,2,1,1,1
626,17842,1285,YEM,Yemen Republic,2006,0,0,0,0,0,0,0,0,-0.25897900514361966,1,2,2,1,1,1
627,17843,1285,YEM,Yemen Republic,2007,0,0,0,0,0,0,0,0,-0.25897900514361966,1,2,2,1,1,1
628,17844,1285,YEM,Yemen Republic,2008,0,0,0,0,0,1,0,1,-0.24749412723218742,1,2,2,1,1,1
629,17845,1285,YEM,Yemen Republic,2009,0,0,0,0,0,0,3,1,-0.10786219051951164,1,2,2,1,1,1
630,17846,1285,YEM,Yemen Republic,2010,0,0,1,0,0,0,1,0,-0.17685030154356093,1,2,2,1,1,1
631,17847,1285,YEM,Yemen Republic,2011,2,2,1,0,1,23,1,55,0.228852353648153,1,2,2,1,1,1
632,17848,1285,YEM,Yemen Republic,2012,2,0,3,0,0,0,0,1,-0.1407136719595351,1,2,2,1,1,1
633,17849,1285,YEM,Yemen Republic,2013,0,0,6,0,0,0,0,3,-0.05201467207147172,1,2,2,1,1,1
634,17850,1285,YEM,Yemen,2014,4,0,51,1,0,4,0,8,1.5150009926176482,1,2,2,1,1,1
635,17851,1285,YEM,Yemen,2015,2,0,29,0,0,2,1,4,0.7889832527931293,1,2,2,1,0,0
636,17852,1285,YEM,Yemen,2016,0,0,32,0,0,0,0,1,0.795553549081134,1,2,2,1,1,1
637,17853,1285,YEM,Yemen,2017,1,0,21,0,0,0,0,1,0.4424132641934576,1,2,2,1,1,1
638,17854,1285,YEM,Yemen,2018,0,0,14,0,0,0,1,2,0.25678925346474896,1,2,2,1,1,1
639,17855,1285,YEM,Yemen,2019,0,0,69,0,0,0,0,0,2.0077732142180005,1,2,2,1,1,1
