,Country Code,World Bank Code,Country,Year,Assassinations,General Strikes,Guerrilla Warfare,Government Crises,Purges,Riots,Revolutions,Anti-Government Demonstrations,Weighted Conflict Index,Type of Regime,Head of State,Effective Executive (Type),Effective Executive (Selection),Degree of Parliamentary Responsibility,Legislative Effectiveness
76,0010,AFG,Afghanistan,2000,0,0,1,0,0,0,1,0,3125,2,4,5,3,0,0
77,0010,AFG,Afghanistan,2001,1,0,1,1,0,0,1,0,3687,2,4,5,3,0,0
78,0010,AFG,Afghanistan,2002,3,0,2,0,1,0,1,1,5687,2,4,5,3,0,0
79,0010,AFG,Afghanistan,2003,1,0,2,1,0,0,2,0,6812,2,2,5,3,0,0
80,0010,AFG,Afghanistan,2004,3,0,2,0,0,1,2,1,7625,2,2,2,1,0,1
81,0010,AFG,Afghanistan,2005,2,0,1,0,0,1,1,3,4437,1,2,2,1,0,1
82,0010,AFG,Afghanistan,2006,2,0,1,0,0,1,1,0,4062,1,2,2,1,0,1
83,0010,AFG,Afghanistan,2007,1,0,1,1,0,0,1,1,3812,1,2,2,1,0,1
84,0010,AFG,Afghanistan,2008,1,0,1,0,0,0,1,1,3562,1,2,2,1,0,1
85,0010,AFG,Afghanistan,2009,1,0,1,1,0,0,1,1,3812,1,2,2,1,0,1
86,0010,AFG,Afghanistan,2010,1,0,1,1,0,0,1,0,3687,1,2,2,1,0,1
87,0010,AFG,Afghanistan,2011,7,0,1,1,0,0,1,1,5688,1,2,2,1,0,1
88,0010,AFG,Afghanistan,2012,6,1,5,0,0,2,0,1,9125,1,2,2,1,0,1
89,0010,AFG,Afghanistan,2013,4,0,30,0,0,1,0,1,39188,1,2,2,1,0,1
90,0010,AFG,Afghanistan,2014,4,0,53,0,0,1,0,4,68312,1,2,2,1,0,1
91,0010,AFG,Afghanistan,2015,3,0,103,0,0,1,0,4,130500,1,2,2,1,0,1
92,0010,AFG,Afghanistan,2016,2,0,95,1,0,0,0,3,120000,1,2,2,1,0,1
93,0010,AFG,Afghanistan,2017,1,0,149,0,0,1,0,4,187375,1,2,2,1,0,1
94,0010,AFG,Afghanistan,2018,2,0,214,0,0,2,0,3,269125,1,2,2,1,0,1
95,0010,AFG,Afghanistan,2019,1,0,246,0,0,2,0,3,308812,1,2,2,1,0,1
96,0010,AFG,Afghanistan,2020,3,0,1365,0,0,1,0,3,1707875,,,,,,
97,0010,AFG,Afghanistan,2021,1,0,284,0,0,6,0,7,358062,,,,,,
233,0030,DZA,Algeria,2000,0,0,0,0,0,0,1,0,1875,,2,2,1,2,2
234,0030,DZA,Algeria,2001,0,0,0,0,0,2,1,2,2750,,2,2,1,2,2
235,0030,DZA,Algeria,2002,0,0,1,0,0,0,1,2,3375,,2,2,1,2,2
236,0030,DZA,Algeria,2003,0,0,0,0,0,0,0,0,0,1,2,2,1,2,2
237,0030,DZA,Algeria,2004,0,0,0,0,0,0,1,0,1875,1,2,2,1,2,2
238,0030,DZA,Algeria,2005,0,0,0,0,0,0,1,0,1875,1,2,2,1,2,2
239,0030,DZA,Algeria,2006,0,0,0,0,0,0,1,0,1875,1,2,2,1,2,2
240,0030,DZA,Algeria,2007,0,0,0,0,0,0,0,0,0,1,2,2,1,1,1
241,0030,DZA,Algeria,2008,0,0,0,0,0,0,0,0,0,1,2,2,1,1,1
242,0030,DZA,Algeria,2009,0,0,1,0,0,0,0,0,1250,1,2,2,1,1,1
243,0030,DZA,Algeria,2010,1,0,1,0,0,0,0,0,1562,1,2,2,1,1,1
244,0030,DZA,Algeria,2011,0,0,0,0,0,1,0,3,688,1,2,2,1,1,1
245,0030,DZA,Algeria,2012,0,0,0,0,0,0,0,0,0,1,2,2,1,1,1
246,0030,DZA,Algeria,2013,0,0,1,0,0,0,0,3,1625,1,2,2,1,1,1
247,0030,DZA,Algeria,2014,0,0,2,0,0,4,0,3,4125,1,2,2,1,1,1
248,0030,DZA,Algeria,2015,0,1,2,0,0,1,0,4,3562,1,2,2,1,1,1
249,0030,DZA,Algeria,2016,0,0,2,0,0,1,0,0,2812,1,2,2,1,1,1
250,0030,DZA,Algeria,2017,0,0,4,0,0,1,0,2,5562,1,2,2,1,1,1
251,0030,DZA,Algeria,2018,0,3,4,0,0,2,0,4,6875,1,2,2,1,1,1
252,0030,DZA,Algeria,2019,0,7,0,1,0,8,0,65,12625,1,2,2,1,1,1
253,0030,DZA,Algeria,2020,0,1,1,0,0,3,0,18,4688,,,,,,
254,0030,DZA,Algeria,2021,0,0,1,0,1,8,0,18,6250,,,,,,
594,0045,ARM,Armenia,2000,0,0,0,0,0,0,0,0,0,1,2,2,1,1,1
595,0045,ARM,Armenia,2001,0,0,0,0,0,0,0,0,0,1,2,2,1,1,1
596,0045,ARM,Armenia,2002,1,0,0,0,0,0,0,1,437,1,2,2,1,1,1
597,0045,ARM,Armenia,2003,0,0,0,0,0,0,0,0,0,1,2,2,1,1,1
598,0045,ARM,Armenia,2004,0,0,0,0,0,0,0,0,0,1,2,2,1,1,1
599,0045,ARM,Armenia,2005,0,0,0,0,0,0,0,0,0,1,2,2,1,1,1
600,0045,ARM,Armenia,2006,0,0,0,0,0,0,0,0,0,1,2,2,1,1,1
601,0045,ARM,Armenia,2007,0,0,0,0,0,0,0,0,0,1,2,2,1,1,1
602,0045,ARM,Armenia,2008,0,0,0,1,0,0,0,0,250,1,2,2,1,1,1
603,0045,ARM,Armenia,2009,0,0,0,0,0,0,0,0,0,1,2,2,1,1,1
604,0045,ARM,Armenia,2010,0,0,0,0,0,0,0,0,0,1,2,2,1,1,1
605,0045,ARM,Armenia,2011,0,0,0,0,0,0,0,1,125,1,2,2,1,1,1
606,0045,ARM,Armenia,2012,0,0,0,0,0,0,0,0,0,1,2,2,1,1,1
607,0045,ARM,Armenia,2013,1,0,0,0,0,0,0,0,312,1,2,2,1,1,1
608,0045,ARM,Armenia,2014,0,0,0,0,0,1,0,1,438,1,2,2,1,1,1
609,0045,ARM,Armenia,2015,0,0,0,0,0,0,0,2,250,1,2,2,1,1,1
610,0045,ARM,Armenia,2016,0,0,1,1,1,1,0,1,2188,1,2,3,2,2,2
611,0045,ARM,Armenia,2017,0,0,0,0,0,0,0,2,250,1,2,3,2,2,2
612,0045,ARM,Armenia,2018,0,1,0,1,1,1,0,5,1688,1,2,3,2,2,2
613,0045,ARM,Armenia,2019,0,0,0,0,0,2,0,2,875,1,2,3,2,2,2
614,0045,ARM,Armenia,2020,0,1,0,0,2,7,0,12,4438,,,,,,
615,0045,ARM,Armenia,2021,0,0,0,0,0,3,0,11,2312,,,,,,
1071,0064,AZE,Azerbaijan,2000,0,0,0,0,0,0,0,0,0,1,2,2,1,1,1
1072,0064,AZE,Azerbaijan,2001,0,0,0,0,0,0,0,0,0,1,2,2,1,1,1
1073,0064,AZE,Azerbaijan,2002,0,0,0,0,0,0,0,0,0,1,2,2,1,1,1
1074,0064,AZE,Azerbaijan,2003,0,0,0,0,0,0,0,1,125,1,2,2,1,1,1
1075,0064,AZE,Azerbaijan,2004,0,0,0,0,0,0,0,0,0,1,2,2,1,1,1
1076,0064,AZE,Azerbaijan,2005,0,0,0,0,1,1,0,2,812,1,2,2,1,1,1
1077,0064,AZE,Azerbaijan,2006,0,0,0,0,0,0,0,0,0,1,2,2,1,1,1
1078,0064,AZE,Azerbaijan,2007,0,0,0,0,0,0,0,0,0,1,2,2,1,1,1
1079,0064,AZE,Azerbaijan,2008,0,0,0,0,0,0,0,0,0,1,2,2,1,1,1
1080,0064,AZE,Azerbaijan,2009,0,0,0,0,0,0,0,0,0,1,2,2,1,1,1
1081,0064,AZE,Azerbaijan,2010,0,0,0,0,0,0,0,0,0,1,2,2,1,1,1
1082,0064,AZE,Azerbaijan,2011,0,0,0,0,1,0,0,2,500,1,2,2,1,1,1
1083,0064,AZE,Azerbaijan,2012,0,0,0,0,0,1,0,3,688,1,2,2,1,1,1
1084,0064,AZE,Azerbaijan,2013,0,0,0,0,0,1,0,1,438,1,2,2,1,1,1
1085,0064,AZE,Azerbaijan,2014,0,0,0,0,1,0,0,3,625,1,2,2,1,1,1
1086,0064,AZE,Azerbaijan,2015,0,0,0,0,0,0,0,0,0,1,2,2,1,1,1
1087,0064,AZE,Azerbaijan,2016,0,0,0,0,0,2,0,2,875,1,2,2,1,1,1
1088,0064,AZE,Azerbaijan,2017,0,0,0,0,0,0,0,3,375,1,2,2,1,1,1
1089,0064,AZE,Azerbaijan,2018,1,0,0,0,1,1,0,0,875,1,2,2,1,1,1
1090,0064,AZE,Azerbaijan,2019,0,0,0,0,1,0,0,2,500,1,2,2,1,1,1
1091,0064,AZE,Azerbaijan,2020,0,0,0,0,2,1,0,3,1188,,,,,,
1092,0064,AZE,Azerbaijan,2021,0,0,0,0,0,0,0,0,0,,,,,,
1122,0065,BHR,Bahrain,2000,0,0,0,0,0,0,0,0,0,1,1,1,3,1,0
1123,0065,BHR,Bahrain,2001,0,0,0,0,0,0,0,0,0,1,1,1,3,1,0
1124,0065,BHR,Bahrain,2002,0,0,0,0,0,0,0,0,0,1,1,1,3,1,1
1125,0065,BHR,Bahrain,2003,0,0,0,0,0,0,0,0,0,1,1,1,3,1,1
1126,0065,BHR,Bahrain,2004,0,0,0,0,0,0,0,0,0,1,1,1,3,1,1
1127,0065,BHR,Bahrain,2005,0,0,0,0,0,0,0,1,125,1,1,1,3,1,1
1128,0065,BHR,Bahrain,2006,0,0,0,0,0,1,0,0,312,1,1,1,3,1,1
1129,0065,BHR,Bahrain,2007,0,0,0,0,0,0,0,0,0,1,1,1,3,1,1
1130,0065,BHR,Bahrain,2008,0,0,0,0,0,0,0,0,0,1,1,1,3,1,1
1131,0065,BHR,Bahrain,2009,0,0,0,0,0,0,0,0,0,1,1,1,3,1,1
1132,0065,BHR,Bahrain,2010,0,0,0,0,0,0,0,0,0,1,1,1,3,1,1
1133,0065,BHR,Bahrain,2011,0,0,0,0,1,6,0,33,6250,1,1,1,3,1,1
1134,0065,BHR,Bahrain,2012,0,0,0,0,1,13,0,15,6188,1,1,1,3,1,1
1135,0065,BHR,Bahrain,2013,0,0,0,0,2,5,0,5,2688,1,1,1,3,1,1
1136,0065,BHR,Bahrain,2014,0,0,6,0,1,7,0,24,12938,1,1,1,3,1,1
1137,0065,BHR,Bahrain,2015,0,0,2,0,4,2,0,4,4625,1,1,1,3,1,1
1138,0065,BHR,Bahrain,2016,0,0,0,0,0,5,0,9,2688,1,1,1,3,1,1
1139,0065,BHR,Bahrain,2017,0,0,4,0,0,3,0,2,6188,1,1,1,3,1,1
1140,0065,BHR,Bahrain,2018,0,1,0,0,0,1,0,0,562,1,1,1,3,1,1
1141,0065,BHR,Bahrain,2019,0,0,1,0,0,1,0,1,1688,1,1,1,3,1,1
1142,0065,BHR,Bahrain,2020,0,0,0,0,0,0,0,5,625,,,,,,
1143,0065,BHR,Bahrain,2021,0,0,0,0,0,1,0,1,438,,,,,,
4557,0325,DJI,Djibouti,2000,0,0,0,0,0,0,1,0,1875,1,2,2,1,1,1
4558,0325,DJI,Djibouti,2001,0,0,0,0,0,0,0,0,0,1,2,2,1,1,1
4559,0325,DJI,Djibouti,2002,0,0,0,0,0,0,0,0,0,1,2,2,1,1,1
4560,0325,DJI,Djibouti,2003,0,0,0,0,0,0,0,0,0,1,2,2,1,1,1
4561,0325,DJI,Djibouti,2004,0,0,0,0,0,0,0,0,0,1,2,2,1,1,1
4562,0325,DJI,Djibouti,2005,0,0,0,0,0,0,0,0,0,1,2,2,1,1,1
4563,0325,DJI,Djibouti,2006,0,0,0,0,0,0,0,0,0,1,2,2,1,1,1
4564,0325,DJI,Djibouti,2007,0,0,0,0,0,0,0,0,0,1,2,2,1,1,1
4565,0325,DJI,Djibouti,2008,0,0,0,0,0,0,0,0,0,1,2,2,1,1,1
4566,0325,DJI,Djibouti,2009,0,0,0,0,0,0,0,0,0,1,2,2,1,1,1
4567,0325,DJI,Djibouti,2010,0,0,0,0,0,0,0,0,0,1,2,2,1,1,1
4568,0325,DJI,Djibouti,2011,0,0,0,0,0,0,0,1,125,1,2,2,1,1,1
4569,0325,DJI,Djibouti,2012,0,0,0,0,0,0,0,0,0,1,2,2,1,1,1
4570,0325,DJI,Djibouti,2013,0,0,0,0,0,0,0,0,0,1,2,2,1,1,1
4571,0325,DJI,Djibouti,2014,0,0,0,0,0,0,0,0,0,1,2,2,1,1,1
4572,0325,DJI,Djibouti,2015,0,0,0,0,0,0,0,0,0,1,2,2,1,1,1
4573,0325,DJI,Djibouti,2016,0,0,0,0,0,0,0,0,0,1,2,2,1,1,1
4574,0325,DJI,Djibouti,2017,0,0,0,0,0,0,0,0,0,1,2,2,1,1,1
4575,0325,DJI,Djibouti,2018,0,0,0,0,0,1,0,0,312,1,2,2,1,1,1
4576,0325,DJI,Djibouti,2019,0,0,0,0,0,2,0,0,625,1,2,2,1,1,1
4577,0325,DJI,Djibouti,2020,0,0,0,0,0,0,0,1,125,,,,,,
4578,0325,DJI,Djibouti,2021,0,0,0,0,0,2,0,0,625,,,,,,
5822,0415,GEO,Georgia,2000,0,0,0,0,0,0,0,0,0,1,2,2,1,0,0
5823,0415,GEO,Georgia,2001,0,0,1,1,0,0,1,0,3375,1,2,2,1,0,0
5824,0415,GEO,Georgia,2002,0,0,0,0,0,0,1,0,1875,1,2,2,1,0,0
5825,0415,GEO,Georgia,2003,0,0,1,1,0,1,1,1,3812,1,4,5,3,0,1
5826,0415,GEO,Georgia,2004,0,0,2,1,0,1,2,0,6812,1,2,2,1,2,2
5827,0415,GEO,Georgia,2005,0,0,0,1,0,1,1,0,2437,1,2,2,1,2,2
5828,0415,GEO,Georgia,2006,0,0,0,0,0,0,1,0,1875,1,2,2,1,2,2
5829,0415,GEO,Georgia,2007,0,0,0,1,0,1,1,1,2562,1,2,2,1,2,2
5830,0415,GEO,Georgia,2008,0,0,0,1,0,0,0,0,250,1,2,2,1,2,2
5831,0415,GEO,Georgia,2009,0,0,0,2,0,0,0,4,1000,1,2,2,1,2,2
5832,0415,GEO,Georgia,2010,0,0,0,0,0,0,0,0,0,1,2,2,1,2,2
5833,0415,GEO,Georgia,2011,0,0,0,0,0,1,0,2,562,1,2,2,1,2,2
5834,0415,GEO,Georgia,2012,0,0,0,0,1,0,0,1,375,1,2,2,1,2,2
5835,0415,GEO,Georgia,2013,0,0,0,0,1,2,0,0,875,1,2,2,1,2,2
5836,0415,GEO,Georgia,2014,0,0,0,1,1,0,0,2,750,1,2,2,1,2,2
5837,0415,GEO,Georgia,2015,0,0,0,1,0,0,0,0,250,1,2,2,1,2,2
5838,0415,GEO,Georgia,2016,0,0,0,0,0,1,0,1,438,1,2,2,1,2,2
5839,0415,GEO,Georgia,2017,0,0,0,0,0,1,0,1,438,1,2,2,1,2,2
5840,0415,GEO,Georgia,2018,0,0,0,1,0,0,0,6,1000,1,2,2,1,2,2
5841,0415,GEO,Georgia,2019,0,0,0,0,0,2,0,6,1375,1,2,2,1,2,2
5842,0415,GEO,Georgia,2020,0,0,0,0,0,0,0,4,500,,,,,,
5843,0415,GEO,Georgia,2021,0,0,0,0,1,3,0,26,4438,,,,,,
7904,0540,IRN,Iran,2000,1,0,0,0,0,0,0,0,312,4,2,2,1,0,2
7905,0540,IRN,Iran,2001,0,0,0,0,0,1,0,0,312,4,2,2,1,0,2
7906,0540,IRN,Iran,2002,0,0,0,0,0,0,0,3,375,4,2,2,1,0,2
7907,0540,IRN,Iran,2003,0,0,0,0,0,2,0,4,1125,4,2,2,1,0,2
7908,0540,IRN,Iran,2004,0,0,0,1,0,0,0,0,250,4,2,2,1,0,2
7909,0540,IRN,Iran,2005,1,0,0,0,0,0,0,0,312,4,2,2,1,0,2
7910,0540,IRN,Iran,2006,0,0,0,0,0,1,0,2,562,4,2,2,1,0,2
7911,0540,IRN,Iran,2007,0,0,0,0,0,0,0,0,0,4,4,2,1,0,1
7912,0540,IRN,Iran,2008,0,0,0,1,0,0,0,0,250,4,4,2,1,0,1
7913,0540,IRN,Iran,2009,0,0,0,1,0,3,0,15,3062,4,4,2,1,0,1
7914,0540,IRN,Iran,2010,0,0,0,0,0,2,0,0,625,4,4,2,1,0,1
7915,0540,IRN,Iran,2011,0,0,0,0,2,2,0,7,2000,4,4,2,1,0,1
7916,0540,IRN,Iran,2012,0,0,0,0,0,1,0,1,438,4,4,2,1,0,1
7917,0540,IRN,Iran,2013,1,0,0,0,0,0,0,1,438,4,4,2,1,0,1
7918,0540,IRN,Iran,2014,0,0,0,0,0,1,0,8,1312,4,4,2,1,0,1
7919,0540,IRN,Iran,2015,0,0,0,0,1,3,0,3,1562,4,4,2,1,0,1
7920,0540,IRN,Iran,2016,1,1,6,0,0,3,0,13,10625,4,4,2,1,0,1
7921,0540,IRN,Iran,2017,0,0,7,0,0,1,0,2,9312,4,4,2,1,0,1
7922,0540,IRN,Iran,2018,0,7,15,0,0,8,0,14,24750,4,4,2,1,0,1
7923,0540,IRN,Iran,2019,0,1,9,0,1,6,0,3,14000,4,4,2,1,0,1
7924,0540,IRN,Iran,2020,0,3,6,0,2,4,0,3,10375,,,,,,
7925,0540,IRN,Iran,2021,0,0,5,0,0,7,0,57,15562,,,,,,
7988,0550,IRQ,Iraq,2000,0,0,0,0,0,0,0,0,0,1,2,2,3,1,1
7989,0550,IRQ,Iraq,2001,0,0,0,0,0,0,0,0,0,1,2,2,3,1,1
7990,0550,IRQ,Iraq,2002,1,0,1,0,0,0,1,0,3437,1,2,2,3,1,1
7991,0550,IRQ,Iraq,2003,0,0,1,0,0,0,1,0,3125,4,4,5,3,0,0
7992,0550,IRQ,Iraq,2004,6,0,1,0,0,2,1,4,6125,4,2,5,3,0,0
7993,0550,IRQ,Iraq,2005,8,0,4,2,2,1,1,3,11062,4,2,5,3,2,2
7994,0550,IRQ,Iraq,2006,10,0,2,2,0,2,1,4,9125,4,2,5,3,2,2
7995,0550,IRQ,Iraq,2007,2,0,1,1,0,0,2,0,5875,1,2,3,2,2,2
7996,0550,IRQ,Iraq,2008,0,0,1,1,0,0,2,1,5375,1,2,3,2,2,2
7997,0550,IRQ,Iraq,2009,4,0,0,1,0,0,1,0,3375,1,2,3,2,2,2
7998,0550,IRQ,Iraq,2010,1,0,1,1,0,0,0,0,1812,1,2,3,2,2,2
7999,0550,IRQ,Iraq,2011,2,0,1,1,1,7,0,13,6188,1,2,3,2,2,2
8000,0550,IRQ,Iraq,2012,2,0,2,0,2,1,0,3,4312,1,2,3,2,2,2
8001,0550,IRQ,Iraq,2013,2,0,66,0,0,6,0,5,85625,1,2,3,2,2,2
8002,0550,IRQ,Iraq,2014,5,0,231,1,0,1,0,0,290875,1,2,3,2,2,2
8003,0550,IRQ,Iraq,2015,1,0,98,0,0,2,0,2,123688,1,2,3,2,2,2
8004,0550,IRQ,Iraq,2016,0,0,213,1,0,4,0,4,268250,1,2,3,2,2,2
8005,0550,IRQ,Iraq,2017,0,0,247,0,0,4,0,4,310500,1,2,3,2,2,2
8006,0550,IRQ,Iraq,2018,0,0,322,0,0,10,0,5,406250,1,2,3,2,2,2
8007,0550,IRQ,Iraq,2019,0,5,259,1,0,46,0,2,339875,1,2,3,2,2,2
8008,0550,IRQ,Iraq,2020,1,0,499,0,0,28,0,28,636312,,,,,,
8009,0550,IRQ,Iraq,2021,1,0,483,0,1,12,0,15,609938,,,,,,
8876,0610,JOR,Jordan,2000,0,0,0,0,0,0,0,0,0,1,1,1,3,1,1
8877,0610,JOR,Jordan,2001,0,0,0,0,0,0,0,0,0,1,1,1,3,1,1
8878,0610,JOR,Jordan,2002,0,0,0,0,0,1,0,0,312,1,1,1,3,1,1
8879,0610,JOR,Jordan,2003,0,0,0,0,0,0,0,0,0,1,1,1,3,1,1
8880,0610,JOR,Jordan,2004,0,0,0,0,0,0,0,0,0,1,1,1,3,1,1
8881,0610,JOR,Jordan,2005,0,0,0,0,0,0,0,0,0,1,1,1,3,1,1
8882,0610,JOR,Jordan,2006,0,0,0,0,0,0,0,0,0,1,1,1,3,1,1
8883,0610,JOR,Jordan,2007,0,0,0,0,0,0,0,0,0,1,1,1,3,1,1
8884,0610,JOR,Jordan,2008,0,0,0,0,0,0,0,0,0,1,1,1,3,1,1
8885,0610,JOR,Jordan,2009,0,0,0,0,0,0,0,0,0,1,1,1,3,1,1
8886,0610,JOR,Jordan,2010,0,0,0,0,0,0,0,0,0,1,1,1,3,1,1
8887,0610,JOR,Jordan,2011,0,0,0,1,0,3,0,13,2812,1,1,1,3,1,1
8888,0610,JOR,Jordan,2012,0,1,0,1,0,1,0,8,1812,1,1,1,3,1,1
8889,0610,JOR,Jordan,2013,0,0,0,0,0,3,0,4,1438,1,1,1,3,1,1
8890,0610,JOR,Jordan,2014,0,0,0,0,1,1,0,3,938,1,1,1,3,1,1
8891,0610,JOR,Jordan,2015,0,0,0,0,0,0,0,0,0,1,1,1,3,1,1
8892,0610,JOR,Jordan,2016,0,0,1,0,0,3,0,5,2812,1,1,1,3,1,1
8893,0610,JOR,Jordan,2017,0,0,0,0,0,0,0,1,125,1,1,1,3,1,1
8894,0610,JOR,Jordan,2018,0,1,2,1,0,4,0,9,5375,1,1,1,3,1,1
8895,0610,JOR,Jordan,2019,0,1,0,0,0,1,0,4,1062,1,1,1,3,1,1
8896,0610,JOR,Jordan,2020,0,0,0,0,1,4,0,6,2250,,,,,,
8897,0610,JOR,Jordan,2021,0,0,0,0,0,4,1,6,3875,,,,,,
8907,0615,KAZ,Kazakhstan,2000,0,0,1,0,0,0,1,0,3125,1,2,2,1,1,1
8908,0615,KAZ,Kazakhstan,2001,0,0,0,0,0,0,0,0,0,1,2,2,1,1,1
8909,0615,KAZ,Kazakhstan,2002,1,0,0,0,0,0,0,0,312,1,2,2,1,1,1
8910,0615,KAZ,Kazakhstan,2003,0,0,0,0,0,0,0,0,0,1,2,2,1,1,1
8911,0615,KAZ,Kazakhstan,2004,0,0,0,0,0,0,0,0,0,1,2,2,1,1,1
8912,0615,KAZ,Kazakhstan,2005,1,0,0,0,0,0,0,0,312,1,2,2,1,1,1
8913,0615,KAZ,Kazakhstan,2006,1,0,0,1,0,1,0,1,1000,1,2,2,1,1,1
8914,0615,KAZ,Kazakhstan,2007,0,0,0,0,0,0,0,0,0,1,2,2,1,1,1
8915,0615,KAZ,Kazakhstan,2008,0,0,0,0,0,0,0,0,0,1,2,2,1,1,1
8916,0615,KAZ,Kazakhstan,2009,0,0,0,0,0,0,0,0,0,1,2,2,1,1,1
8917,0615,KAZ,Kazakhstan,2010,0,0,0,0,0,0,0,0,0,1,2,2,1,1,1
8918,0615,KAZ,Kazakhstan,2011,0,0,0,0,0,2,0,1,750,1,2,2,1,1,1
8919,0615,KAZ,Kazakhstan,2012,0,0,0,0,0,0,0,0,0,1,2,2,1,1,1
8920,0615,KAZ,Kazakhstan,2013,0,0,0,0,0,0,0,0,0,1,2,2,1,1,1
8921,0615,KAZ,Kazakhstan,2014,0,0,0,0,0,0,0,0,0,1,2,2,1,1,1
8922,0615,KAZ,Kazakhstan,2015,0,0,0,0,0,0,0,0,0,1,2,2,1,1,1
8923,0615,KAZ,Kazakhstan,2016,0,0,2,0,0,0,0,4,3000,1,2,2,1,1,1
8924,0615,KAZ,Kazakhstan,2017,0,0,0,0,0,0,0,0,0,1,2,2,1,1,1
8925,0615,KAZ,Kazakhstan,2018,0,0,0,0,0,0,0,0,0,1,2,2,1,1,1
8926,0615,KAZ,Kazakhstan,2019,0,1,0,1,0,1,0,4,1312,1,2,2,1,1,1
8927,0615,KAZ,Kazakhstan,2020,0,0,0,0,1,4,0,7,2375,,,,,,
8928,0615,KAZ,Kazakhstan,2021,0,0,0,0,1,1,0,7,1438,,,,,,
9228,0640,KWT,Kuwait,2000,0,0,0,0,0,0,0,0,0,1,1,1,3,1,1
9229,0640,KWT,Kuwait,2001,0,0,0,0,0,0,0,0,0,1,1,1,3,1,1
9230,0640,KWT,Kuwait,2002,0,0,0,0,0,0,0,0,0,1,1,1,3,1,1
9231,0640,KWT,Kuwait,2003,0,0,0,0,0,0,0,0,0,1,1,1,3,1,1
9232,0640,KWT,Kuwait,2004,0,0,0,0,0,0,0,0,0,1,1,1,3,1,1
9233,0640,KWT,Kuwait,2005,0,0,0,0,0,0,0,0,0,1,1,1,3,1,1
9234,0640,KWT,Kuwait,2006,0,0,0,0,0,0,0,0,0,1,1,1,3,1,1
9235,0640,KWT,Kuwait,2007,0,0,0,0,0,0,0,0,0,1,1,1,3,1,1
9236,0640,KWT,Kuwait,2008,0,0,0,0,0,0,0,0,0,1,1,1,3,1,1
9237,0640,KWT,Kuwait,2009,0,0,0,1,0,0,0,0,250,1,1,1,3,1,1
9238,0640,KWT,Kuwait,2010,0,0,0,0,0,0,0,0,0,1,1,1,3,1,1
9239,0640,KWT,Kuwait,2011,0,1,0,0,0,0,1,2,2375,1,1,1,3,1,1
9240,0640,KWT,Kuwait,2012,0,0,0,2,0,3,0,3,1812,1,1,1,3,1,1
9241,0640,KWT,Kuwait,2013,0,0,0,0,1,0,0,1,375,1,1,1,3,1,1
9242,0640,KWT,Kuwait,2014,0,0,0,0,0,1,0,2,562,1,1,1,3,1,1
9243,0640,KWT,Kuwait,2015,0,0,1,0,0,1,0,1,1688,1,1,1,3,1,1
9244,0640,KWT,Kuwait,2016,0,0,0,0,0,0,0,0,0,1,1,1,3,1,1
9245,0640,KWT,Kuwait,2017,0,0,0,0,0,0,0,0,0,1,1,1,3,1,1
9246,0640,KWT,Kuwait,2018,0,0,0,0,0,0,0,0,0,1,1,1,3,1,1
9247,0640,KWT,Kuwait,2019,0,0,0,1,0,0,0,1,375,1,1,1,3,1,1
9248,0640,KWT,Kuwait,2020,0,0,0,0,0,0,0,0,0,,,,,,
9249,0640,KWT,Kuwait,2021,0,0,0,0,0,0,0,1,125,,,,,,
9259,0645,KGZ,Kyrgyzstan,2000,0,0,0,0,0,0,0,0,0,1,2,2,1,2,1
9260,0645,KGZ,Kyrgyzstan,2001,0,0,0,0,0,0,0,0,0,1,2,2,1,2,1
9261,0645,KGZ,Kyrgyzstan,2002,0,0,0,1,0,1,0,2,812,1,2,2,1,2,1
9262,0645,KGZ,Kyrgyzstan,2003,0,0,0,0,0,0,0,0,0,1,2,2,1,2,1
9263,0645,KGZ,Kyrgyzstan,2004,0,0,0,0,0,0,0,0,0,1,2,2,1,2,1
9264,0645,KGZ,Kyrgyzstan,2005,0,0,0,1,0,0,1,4,2625,1,2,2,1,2,2
9265,0645,KGZ,Kyrgyzstan,2006,0,0,0,0,0,0,0,3,375,1,2,2,1,2,2
9266,0645,KGZ,Kyrgyzstan,2007,0,0,0,0,0,1,0,1,437,1,2,2,1,2,2
9267,0645,KGZ,Kyrgyzstan,2008,0,0,0,0,0,0,0,0,0,1,2,2,1,2,2
9268,0645,KGZ,Kyrgyzstan,2009,0,0,0,0,0,0,0,1,125,1,2,2,1,2,2
9269,0645,KGZ,Kyrgyzstan,2010,0,0,0,1,0,5,1,0,3687,1,2,2,1,0,2
9270,0645,KGZ,Kyrgyzstan,2011,0,0,0,0,0,0,0,0,0,1,2,3,2,2,2
9271,0645,KGZ,Kyrgyzstan,2012,0,0,0,0,0,1,0,1,438,1,2,3,2,2,2
9272,0645,KGZ,Kyrgyzstan,2013,0,0,0,0,0,1,0,0,312,1,2,3,2,2,2
9273,0645,KGZ,Kyrgyzstan,2014,0,0,0,1,0,1,0,0,562,1,2,3,2,2,2
9274,0645,KGZ,Kyrgyzstan,2015,0,0,1,0,0,0,0,0,1250,1,2,3,2,2,2
9275,0645,KGZ,Kyrgyzstan,2016,0,0,0,1,1,0,0,0,500,1,2,3,2,2,2
9276,0645,KGZ,Kyrgyzstan,2017,0,0,0,0,1,1,0,2,812,1,2,3,2,2,2
9277,0645,KGZ,Kyrgyzstan,2018,0,0,0,1,0,1,0,0,562,1,2,3,2,2,2
9278,0645,KGZ,Kyrgyzstan,2019,0,0,0,0,0,2,0,4,1125,1,2,3,2,2,2
9279,0645,KGZ,Kyrgyzstan,2020,0,0,0,2,0,3,1,4,3812,,,,,,
9280,0645,KGZ,Kyrgyzstan,2021,0,0,0,0,3,0,0,3,1125,,,,,,
9455,0670,LBN,Lebanon,2000,0,0,0,0,0,0,0,0,0,1,2,2,2,2,2
9456,0670,LBN,Lebanon,2001,0,0,0,0,0,0,0,0,0,1,2,2,2,2,2
9457,0670,LBN,Lebanon,2002,3,0,0,0,0,0,0,0,937,1,2,2,2,2,2
9458,0670,LBN,Lebanon,2003,0,0,0,0,0,0,0,0,0,1,2,2,2,2,2
9459,0670,LBN,Lebanon,2004,0,0,0,0,0,0,0,0,0,1,2,2,2,2,2
9460,0670,LBN,Lebanon,2005,2,0,0,1,0,0,0,3,1250,1,2,2,2,2,2
9461,0670,LBN,Lebanon,2006,1,0,1,1,0,1,0,2,2375,1,2,2,2,2,2
9462,0670,LBN,Lebanon,2007,2,0,0,2,0,1,0,1,1562,1,2,3,2,2,2
9463,0670,LBN,Lebanon,2008,1,0,1,0,0,0,1,0,3437,1,2,3,2,2,2
9464,0670,LBN,Lebanon,2009,0,0,0,0,1,0,0,0,250,1,2,3,2,2,2
9465,0670,LBN,Lebanon,2010,0,0,0,1,0,0,0,0,250,1,2,3,2,2,2
9466,0670,LBN,Lebanon,2011,0,0,0,1,0,0,0,2,500,1,2,3,2,2,2
9467,0670,LBN,Lebanon,2012,2,0,4,1,0,2,0,1,6625,1,2,3,2,2,2
9468,0670,LBN,Lebanon,2013,1,0,5,1,0,2,0,0,7438,1,2,3,2,2,2
9469,0670,LBN,Lebanon,2014,0,0,3,0,0,0,0,4,4250,1,2,3,2,2,2
9470,0670,LBN,Lebanon,2015,0,0,2,0,0,5,0,9,5188,1,2,3,2,2,2
9471,0670,LBN,Lebanon,2016,0,0,2,0,0,1,0,10,4062,1,2,3,2,2,2
9472,0670,LBN,Lebanon,2017,0,0,0,1,0,2,0,3,1250,1,2,3,2,2,2
9473,0670,LBN,Lebanon,2018,0,3,0,0,0,1,0,3,1438,1,2,3,2,2,2
9474,0670,LBN,Lebanon,2019,1,14,2,1,0,12,0,3,10688,1,2,3,2,2,2
9475,0670,LBN,Lebanon,2020,0,2,2,1,0,16,0,15,10125,,,,,,
9476,0670,LBN,Lebanon,2021,0,1,0,1,0,9,0,5,3938,,,,,,
9745,0700,LBY,Libya,2000,0,0,0,0,0,0,0,0,0,1,4,5,3,1,1
9746,0700,LBY,Libya,2001,0,0,0,0,0,0,0,0,0,1,4,5,3,1,1
9747,0700,LBY,Libya,2002,0,0,0,0,0,0,0,0,0,1,4,5,3,1,1
9748,0700,LBY,Libya,2003,0,0,0,0,0,0,0,0,0,1,4,5,3,1,1
9749,0700,LBY,Libya,2004,0,0,0,0,0,0,0,0,0,1,4,5,3,1,1
9750,0700,LBY,Libya,2005,0,0,0,0,0,0,0,0,0,1,4,5,3,1,1
9751,0700,LBY,Libya,2006,0,0,0,0,0,0,0,0,0,1,4,5,3,1,1
9752,0700,LBY,Libya,2007,0,0,0,0,0,0,0,0,0,1,4,5,3,1,1
9753,0700,LBY,Libya,2008,0,0,0,0,0,0,0,0,0,1,4,5,3,1,1
9754,0700,LBY,Libya,2009,0,0,0,0,0,0,0,0,0,1,4,5,3,1,1
9755,0700,LBY,Libya,2010,0,0,0,0,0,0,0,0,0,1,4,5,3,1,1
9756,0700,LBY,Libya,2011,2,0,1,0,0,5,1,12,6812,1,4,5,3,0,0
9757,0700,LBY,Libya,2012,1,0,5,2,0,3,0,1,8125,1,2,3,2,2,2
9758,0700,LBY,Libya,2013,2,0,6,0,0,4,1,1,11375,1,2,3,2,2,2
9759,0700,LBY,Libya,2014,3,1,26,2,0,1,1,4,36875,1,2,3,2,2,1
9760,0700,LBY,Libya,2015,1,0,28,0,0,0,0,1,35438,1,2,3,2,2,1
9761,0700,LBY,Libya,2016,0,0,25,1,0,1,0,3,32188,1,2,3,2,2,1
9762,0700,LBY,Libya,2017,1,0,12,0,0,0,0,1,15438,1,2,3,2,2,1
9763,0700,LBY,Libya,2018,0,0,25,0,0,1,0,2,31812,1,2,3,2,2,1
9764,0700,LBY,Libya,2019,0,1,62,0,0,1,0,0,78062,1,2,3,2,2,1
9765,0700,LBY,Libya,2020,0,0,8,1,0,3,0,4,11688,,,,,,
9766,0700,LBY,Libya,2021,0,0,5,0,0,1,0,4,7062,,,,,,
10531,0790,MRT,Mauritania,2000,0,0,0,0,0,0,0,0,0,1,2,2,1,1,1
10532,0790,MRT,Mauritania,2001,0,0,0,0,0,0,0,0,0,1,2,2,1,1,1
10533,0790,MRT,Mauritania,2002,0,0,0,0,0,0,0,0,0,1,2,2,1,1,1
10534,0790,MRT,Mauritania,2003,0,0,0,0,0,0,1,0,1875,1,2,2,1,1,1
10535,0790,MRT,Mauritania,2004,0,0,0,0,0,0,1,0,1875,1,2,2,1,1,1
10536,0790,MRT,Mauritania,2005,0,0,0,0,0,0,1,0,1875,3,3,4,3,1,1
10537,0790,MRT,Mauritania,2006,0,0,0,0,0,0,0,0,0,2,3,4,3,1,1
10538,0790,MRT,Mauritania,2007,0,0,0,0,0,0,0,0,0,1,2,2,1,1,1
10539,0790,MRT,Mauritania,2008,0,0,0,0,0,0,1,0,1875,2,3,4,3,1,1
10540,0790,MRT,Mauritania,2009,0,0,0,0,0,0,0,0,0,1,2,2,1,1,1
10541,0790,MRT,Mauritania,2010,0,0,0,0,0,0,0,0,0,1,2,2,1,1,1
10542,0790,MRT,Mauritania,2011,0,0,0,0,0,0,0,1,125,1,2,2,1,1,1
10543,0790,MRT,Mauritania,2012,0,0,0,0,0,0,0,0,0,1,2,2,1,1,1
10544,0790,MRT,Mauritania,2013,0,0,0,0,0,0,0,0,0,1,2,2,1,1,1
10545,0790,MRT,Mauritania,2014,0,0,0,0,0,1,0,0,312,1,2,2,1,1,1
10546,0790,MRT,Mauritania,2015,0,0,0,0,0,0,0,0,0,1,2,2,1,1,1
10547,0790,MRT,Mauritania,2016,0,0,0,0,0,1,0,0,312,1,2,2,1,1,1
10548,0790,MRT,Mauritania,2017,0,0,0,0,1,2,0,3,1250,1,2,2,1,1,1
10549,0790,MRT,Mauritania,2018,0,1,0,0,0,1,0,1,688,1,2,2,1,1,1
10550,0790,MRT,Mauritania,2019,0,0,0,0,0,1,0,2,562,1,2,2,1,1,1
10551,0790,MRT,Mauritania,2020,0,0,0,0,0,0,0,2,250,,,,,,
10552,0790,MRT,Mauritania,2021,0,0,0,0,0,0,0,2,250,,,,,,
11050,0830,MAR,Morocco,2000,0,0,0,0,0,0,0,2,250,1,1,1,3,1,2
11051,0830,MAR,Morocco,2001,0,0,0,0,0,0,0,0,0,1,1,1,3,1,2
11052,0830,MAR,Morocco,2002,0,0,0,0,0,0,0,0,0,1,1,1,3,1,2
11053,0830,MAR,Morocco,2003,0,0,0,0,0,0,0,0,0,1,1,1,3,1,2
11054,0830,MAR,Morocco,2004,0,0,0,0,0,0,0,0,0,1,1,1,3,1,2
11055,0830,MAR,Morocco,2005,0,0,0,0,0,0,0,0,0,1,1,1,3,1,2
11056,0830,MAR,Morocco,2006,0,0,0,0,0,0,0,0,0,1,1,1,3,1,2
11057,0830,MAR,Morocco,2007,0,0,1,0,0,0,1,0,3125,1,1,1,3,1,2
11058,0830,MAR,Morocco,2008,0,0,1,0,0,0,1,0,3125,1,1,1,3,1,2
11059,0830,MAR,Morocco,2009,0,0,0,0,0,0,0,0,0,1,1,1,3,1,2
11060,0830,MAR,Morocco,2010,0,0,0,0,0,0,0,0,0,1,1,1,3,1,2
11061,0830,MAR,Morocco,2011,0,0,0,0,0,0,0,6,750,1,1,1,3,1,2
11062,0830,MAR,Morocco,2012,0,0,0,0,0,2,0,3,1000,1,1,1,3,1,2
11063,0830,MAR,Morocco,2013,0,0,0,0,0,0,0,4,500,1,1,1,3,1,2
11064,0830,MAR,Morocco,2014,0,1,0,0,0,4,0,2,1750,1,1,1,3,1,2
11065,0830,MAR,Morocco,2015,0,0,0,0,0,0,0,6,750,1,1,1,3,1,2
11066,0830,MAR,Morocco,2016,0,1,0,0,0,2,0,6,1625,1,1,1,3,1,2
11067,0830,MAR,Morocco,2017,0,2,0,0,0,5,0,11,3438,1,1,1,3,1,2
11068,0830,MAR,Morocco,2018,0,1,0,0,1,1,0,9,1938,1,1,1,3,1,2
11069,0830,MAR,Morocco,2019,0,9,0,0,0,2,0,16,4875,1,1,1,3,1,2
11070,0830,MAR,Morocco,2020,0,0,2,0,0,2,0,3,3500,,,,,,
11071,0830,MAR,Morocco,2021,0,0,0,0,0,0,0,7,875,,,,,,
11980,0895,OMN,Oman,2000,0,0,0,0,0,0,0,0,0,1,1,1,3,0,1
11981,0895,OMN,Oman,2001,0,0,0,0,0,0,0,0,0,1,1,1,3,0,1
11982,0895,OMN,Oman,2002,0,0,0,0,0,0,0,0,0,1,1,1,3,0,1
11983,0895,OMN,Oman,2003,0,0,0,0,0,0,0,0,0,1,1,1,3,0,1
11984,0895,OMN,Oman,2004,0,0,0,0,0,0,0,0,0,1,1,1,3,0,1
11985,0895,OMN,Oman,2005,0,0,0,0,0,0,0,0,0,1,1,1,3,0,1
11986,0895,OMN,Oman,2006,0,0,0,0,0,0,0,0,0,1,1,1,3,0,1
11987,0895,OMN,Oman,2007,0,0,0,0,0,0,0,0,0,1,1,1,3,0,1
11988,0895,OMN,Oman,2008,0,0,0,0,0,0,0,0,0,1,1,1,3,0,1
11989,0895,OMN,Oman,2009,0,0,0,0,0,0,0,0,0,1,1,1,3,0,1
11990,0895,OMN,Oman,2010,0,0,0,0,0,0,0,0,0,1,1,1,3,0,1
11991,0895,OMN,Oman,2011,0,0,0,0,0,1,0,6,1062,1,1,1,3,0,1
11992,0895,OMN,Oman,2012,0,0,0,0,0,0,0,0,0,1,1,1,3,0,1
11993,0895,OMN,Oman,2013,0,0,0,0,0,0,0,0,0,1,1,1,3,0,1
11994,0895,OMN,Oman,2014,0,0,0,0,0,0,0,0,0,1,1,1,3,0,1
11995,0895,OMN,Oman,2015,0,0,0,0,0,0,0,0,0,1,1,1,3,0,1
11996,0895,OMN,Oman,2016,0,0,0,0,0,0,0,0,0,1,1,1,3,0,1
11997,0895,OMN,Oman,2017,0,0,0,0,0,0,0,0,0,1,1,1,3,0,1
11998,0895,OMN,Oman,2018,0,0,0,0,0,0,0,0,0,1,1,1,3,0,1
11999,0895,OMN,Oman,2019,0,0,0,0,0,0,0,1,125,1,1,1,3,0,1
12000,0895,OMN,Oman,2020,0,0,0,0,0,0,0,0,0,,,,,,
12001,0895,OMN,Oman,2021,0,0,0,0,0,1,0,1,438,,,,,,
12055,0900,PAK,Pakistan,2000,1,0,0,0,0,0,0,0,312,3,2,4,3,0,0
12056,0900,PAK,Pakistan,2001,0,0,0,0,0,1,0,2,562,3,2,4,3,0,0
12057,0900,PAK,Pakistan,2002,0,0,0,0,0,0,0,3,375,3,2,4,3,2,2
12058,0900,PAK,Pakistan,2003,3,0,0,1,0,0,0,0,1187,3,2,4,3,2,2
12059,0900,PAK,Pakistan,2004,5,0,0,0,0,0,0,0,1562,3,2,4,3,2,2
12060,0900,PAK,Pakistan,2005,0,0,0,0,0,0,0,0,0,3,2,4,3,2,2
12061,0900,PAK,Pakistan,2006,0,0,0,0,0,2,0,4,1125,3,2,4,3,2,2
12062,0900,PAK,Pakistan,2007,2,1,0,2,0,4,0,3,3000,3,2,4,3,2,2
12063,0900,PAK,Pakistan,2008,0,0,0,3,0,1,0,3,1437,1,2,2,1,2,2
12064,0900,PAK,Pakistan,2009,0,0,1,1,0,1,0,2,2062,1,2,2,1,2,2
12065,0900,PAK,Pakistan,2010,3,0,1,1,0,0,0,0,2437,1,2,3,2,2,2
12066,0900,PAK,Pakistan,2011,4,0,1,1,0,1,0,2,3312,1,2,3,2,2,2
12067,0900,PAK,Pakistan,2012,2,0,9,2,0,4,1,1,15625,1,2,3,2,2,2
12068,0900,PAK,Pakistan,2013,3,0,50,0,1,7,0,5,66500,1,2,3,2,2,2
12069,0900,PAK,Pakistan,2014,1,0,57,1,0,11,0,8,76250,1,2,3,2,2,2
12070,0900,PAK,Pakistan,2015,3,0,32,0,0,3,0,31,45750,1,2,3,2,2,2
12071,0900,PAK,Pakistan,2016,0,1,47,0,0,5,0,55,67438,1,2,3,2,2,2
12072,0900,PAK,Pakistan,2017,1,0,61,1,0,3,0,6,78500,1,2,3,2,2,2
12073,0900,PAK,Pakistan,2018,1,0,46,0,1,7,0,15,62125,1,2,3,2,2,2
12074,0900,PAK,Pakistan,2019,0,9,82,0,2,17,0,57,117688,1,2,3,2,2,2
12075,0900,PAK,Pakistan,2020,0,4,37,0,2,12,0,36,56000,,,,,,
12076,0900,PAK,Pakistan,2021,0,5,87,0,0,16,0,90,126250,,,,,,
12134,0903,WBG,Palestinian Autonomous Areas,2000,,,,,,,,,,,2,2,1,0,1
12135,0903,WBG,Palestinian Autonomous Areas,2001,,,,,,,,,,,2,2,1,0,1
12136,0903,WBG,Palestinian Autonomous Areas,2002,,,,,,,,,,,2,2,1,2,1
12137,0903,WBG,Palestinian Autonomous Areas,2003,,,,,,,,,,,2,2,1,2,2
12138,0903,WBG,Palestinian Autonomous Areas,2004,,,,,,,,,,,2,2,1,2,2
12139,0903,WBG,Palestinian Autonomous Areas,2005,,,,,,,,,,,2,2,1,2,2
12140,0903,WBG,Palestinian Autonomous Areas,2006,,,,,,,,,,,2,2,1,2,2
12141,0903,WBG,Palestinian Autonomous Areas,2007,,,,,,,,,,,,,,,
12142,0903,WBG,Palestinian Autonomous Areas,2008,,,,,,,,,,,,,,,
12143,0903,WBG,Palestinian Autonomous Areas,2009,0,0,0,0,0,0,1,0,1875,,,,,,
12144,0903,WBG,Palestinian Autonomous Areas,2010,1,0,0,0,0,0,0,0,312,,,,,,
12145,0903,WBG,Palestinian Autonomous Areas,2011,0,0,0,0,0,0,0,0,0,,,,,,
12146,0903,WBG,Palestinian Autonomous Areas,2012,0,1,0,0,0,1,0,1,688,,,,,,
12147,0903,WBG,Palestinian Autonomous Areas,2013,0,0,0,0,0,1,0,0,312,,,,,,
12148,0903,WBG,Palestinian Autonomous Areas,2014,0,0,0,0,0,2,0,0,625,,,,,,
12149,0903,WBG,Palestinian Autonomous Areas,2015,0,1,0,1,0,3,0,0,1438,,,,,,
12150,0903,WBG,Palestinian Autonomous Areas,2016,0,0,0,0,0,1,0,2,562,,,,,,
12151,0903,WBG,Palestinian Autonomous Areas,2017,1,0,0,0,0,6,0,2,2438,,,,,,
12152,0903,WBG,Palestinian Autonomous Areas,2018,1,1,0,0,0,2,0,1,1312,,,,,,
12153,0903,WBG,Palestinian Autonomous Areas,2019,0,2,1,1,0,17,0,5,7938,,,,,,
12154,0903,WBG,Palestinian Autonomous Areas,2020,0,0,0,0,0,0,0,1,125,,,,,,
12155,0903,WBG,Palestinian Autonomous Areas,2021,0,0,0,0,0,1,0,1,438,,,,,,
13119,0965,QAT,Qatar,2000,0,0,0,0,0,0,0,0,0,1,1,1,3,1,1
13120,0965,QAT,Qatar,2001,0,0,0,0,0,0,0,0,0,1,1,1,3,1,1
13121,0965,QAT,Qatar,2002,0,0,0,0,0,0,0,0,0,1,1,1,3,1,1
13122,0965,QAT,Qatar,2003,0,0,0,0,0,0,0,0,0,1,1,1,3,1,1
13123,0965,QAT,Qatar,2004,0,0,0,0,0,0,0,0,0,1,1,1,3,1,1
13124,0965,QAT,Qatar,2005,0,0,0,0,0,0,0,0,0,1,1,1,3,1,1
13125,0965,QAT,Qatar,2006,0,0,0,0,0,0,0,0,0,1,1,1,3,1,1
13126,0965,QAT,Qatar,2007,0,0,0,0,0,0,0,0,0,1,1,1,3,1,1
13127,0965,QAT,Qatar,2008,0,0,0,0,0,0,0,0,0,1,1,1,3,1,1
13128,0965,QAT,Qatar,2009,0,0,0,0,0,0,0,0,0,1,1,1,3,1,1
13129,0965,QAT,Qatar,2010,0,0,0,0,0,0,0,0,0,1,1,1,3,1,1
13130,0965,QAT,Qatar,2011,0,0,0,0,0,0,0,0,0,1,1,1,3,1,1
13131,0965,QAT,Qatar,2012,0,0,0,0,0,0,0,0,0,1,1,1,3,1,1
13132,0965,QAT,Qatar,2013,0,0,0,0,0,0,0,0,0,1,1,1,3,1,1
13133,0965,QAT,Qatar,2014,0,0,0,0,0,1,0,0,312,1,1,1,3,1,1
13134,0965,QAT,Qatar,2015,0,0,0,0,0,0,0,0,0,1,1,1,3,1,1
13135,0965,QAT,Qatar,2016,0,0,0,0,0,0,0,0,0,1,1,1,3,1,1
13136,0965,QAT,Qatar,2017,0,0,0,0,0,0,0,1,125,1,1,1,3,1,1
13137,0965,QAT,Qatar,2018,0,0,0,0,0,0,0,0,0,1,1,1,3,1,1
13138,0965,QAT,Qatar,2019,0,1,0,0,0,0,0,0,250,1,1,1,3,1,1
13139,0965,QAT,Qatar,2020,0,0,0,0,0,0,0,0,0,,,,,,
13140,0965,QAT,Qatar,2021,0,0,0,0,0,0,0,1,125,,,,,,
13608,0990,SAU,Saudi Arabia,2000,0,0,0,0,0,0,0,0,0,1,1,1,3,1,1
13609,0990,SAU,Saudi Arabia,2001,0,0,0,0,0,0,0,0,0,1,1,1,3,1,1
13610,0990,SAU,Saudi Arabia,2002,0,0,0,0,0,0,0,0,0,1,1,1,3,1,1
13611,0990,SAU,Saudi Arabia,2003,0,0,0,0,0,0,0,1,125,1,1,1,3,1,1
13612,0990,SAU,Saudi Arabia,2004,0,0,0,0,0,0,0,0,0,1,1,1,3,1,1
13613,0990,SAU,Saudi Arabia,2005,0,0,0,0,0,0,0,0,0,1,1,1,3,1,1
13614,0990,SAU,Saudi Arabia,2006,0,0,0,0,0,0,0,0,0,1,1,1,3,1,1
13615,0990,SAU,Saudi Arabia,2007,0,0,0,0,0,0,0,0,0,1,1,1,3,1,1
13616,0990,SAU,Saudi Arabia,2008,0,0,0,0,0,0,0,0,0,1,1,1,3,1,1
13617,0990,SAU,Saudi Arabia,2009,0,0,0,0,0,0,0,0,0,1,1,1,3,1,1
13618,0990,SAU,Saudi Arabia,2010,0,0,0,0,0,0,0,0,0,1,1,1,3,1,1
13619,0990,SAU,Saudi Arabia,2011,0,0,0,0,0,2,0,9,1750,1,1,1,3,1,1
13620,0990,SAU,Saudi Arabia,2012,0,0,0,0,0,1,0,4,812,1,1,1,3,1,1
13621,0990,SAU,Saudi Arabia,2013,0,0,0,0,0,0,0,1,125,1,1,1,3,1,1
13622,0990,SAU,Saudi Arabia,2014,0,0,0,0,0,0,0,0,0,1,1,1,3,1,1
13623,0990,SAU,Saudi Arabia,2015,0,0,11,0,0,0,0,0,13750,1,1,1,3,1,1
13624,0990,SAU,Saudi Arabia,2016,0,0,5,0,0,0,0,4,6750,1,1,1,3,1,1
13625,0990,SAU,Saudi Arabia,2017,0,0,9,0,1,1,0,1,11938,1,1,1,3,1,1
13626,0990,SAU,Saudi Arabia,2018,0,0,0,0,0,1,0,0,312,1,1,1,3,1,1
13627,0990,SAU,Saudi Arabia,2019,0,0,2,0,0,0,0,0,2500,1,1,1,3,1,1
13628,0990,SAU,Saudi Arabia,2020,0,0,1,0,1,0,0,0,1500,,,,,,
13629,0990,SAU,Saudi Arabia,2021,0,0,0,0,0,0,0,0,0,,,,,,
13978,1030,SOM,Somalia,2000,0,0,0,0,0,0,0,0,0,4,2,2,2,3,2
13979,1030,SOM,Somalia,2001,0,0,0,0,0,0,0,1,125,4,2,2,2,3,2
13980,1030,SOM,Somalia,2002,0,0,0,0,0,0,0,0,0,4,2,2,2,3,2
13981,1030,SOM,Somalia,2003,0,0,0,0,0,0,0,0,0,4,2,2,2,3,2
13982,1030,SOM,Somalia,2004,0,0,1,0,0,0,0,0,1250,4,2,2,2,2,2
13983,1030,SOM,Somalia,2005,0,0,1,0,0,1,0,0,1562,4,2,2,2,2,2
13984,1030,SOM,Somalia,2006,1,0,1,0,0,0,2,1,5437,4,2,2,2,2,2
13985,1030,SOM,Somalia,2007,0,0,1,2,0,0,1,1,3750,4,2,2,2,1,1
13986,1030,SOM,Somalia,2008,0,0,1,2,0,4,1,0,4875,4,2,2,2,1,1
13987,1030,SOM,Somalia,2009,1,0,0,1,0,1,1,0,2750,4,2,2,2,1,1
13988,1030,SOM,Somalia,2010,0,0,1,1,0,0,1,0,3375,4,2,2,2,1,1
13989,1030,SOM,Somalia,2011,1,0,1,0,0,0,0,0,1562,4,2,2,2,1,1
13990,1030,SOM,Somalia,2012,2,0,3,0,0,0,0,0,4375,1,2,2,2,1,1
13991,1030,SOM,Somalia,2013,1,0,7,1,0,0,0,0,9312,1,2,2,2,1,1
13992,1030,SOM,Somalia,2014,8,0,39,1,0,0,0,0,51500,1,2,2,2,1,1
13993,1030,SOM,Somalia,2015,7,0,34,0,0,0,0,0,44688,1,2,2,2,1,1
13994,1030,SOM,Somalia,2016,0,0,63,0,0,1,0,0,79062,1,2,2,2,1,1
13995,1030,SOM,Somalia,2017,2,0,67,0,0,2,0,1,85125,1,2,2,2,1,1
13996,1030,SOM,Somalia,2018,1,0,70,0,0,1,0,1,88250,1,2,2,2,1,1
13997,1030,SOM,Somalia,2019,0,0,67,0,0,1,0,0,84062,1,2,2,2,1,1
13998,1030,SOM,Somalia,2020,3,0,25,1,0,6,0,3,34688,,,,,,
13999,1030,SOM,Somalia,2021,0,0,37,1,0,3,0,2,47688,,,,,,
14466,1070,SDN,Sudan,2000,0,0,0,0,0,0,0,0,0,1,2,2,1,1,1
14467,1070,SDN,Sudan,2001,0,0,0,0,0,0,1,0,1875,1,2,2,1,1,1
14468,1070,SDN,Sudan,2002,0,0,1,0,0,0,1,0,3125,1,2,2,1,1,1
14469,1070,SDN,Sudan,2003,0,0,1,0,0,0,1,0,3125,1,2,2,1,1,1
14470,1070,SDN,Sudan,2004,0,0,2,0,0,0,2,0,6250,1,2,2,1,1,1
14471,1070,SDN,Sudan,2005,0,0,2,0,0,1,2,0,6562,1,2,2,1,1,1
14472,1070,SDN,Sudan,2006,0,0,1,0,0,0,1,0,3125,1,2,2,1,1,1
14473,1070,SDN,Sudan,2007,0,0,0,0,0,0,0,0,0,1,2,2,1,0,1
14474,1070,SDN,Sudan,2008,0,0,1,0,0,0,1,0,3125,1,2,2,1,0,1
14475,1070,SDN,Sudan,2009,0,0,1,0,0,0,1,1,3250,1,2,2,1,0,1
14476,1070,SDN,Sudan,2010,0,0,1,0,0,0,0,0,1250,1,2,2,1,0,1
14477,1070,SDN,Sudan,2011,0,0,1,0,0,1,0,1,1688,1,2,2,1,0,1
14478,1070,SDN,Sudan,2012,0,0,4,0,0,3,1,5,8438,1,2,2,1,0,1
14479,1070,SDN,Sudan,2013,0,0,4,0,0,4,0,1,6375,1,2,2,1,0,1
14480,1070,SDN,Sudan,2014,0,0,0,0,3,2,0,3,1750,1,2,2,1,0,1
14481,1070,SDN,Sudan,2015,0,0,8,0,1,0,0,1,10375,1,2,2,1,0,1
14482,1070,SDN,Sudan,2016,0,2,2,0,1,6,0,8,6125,1,2,2,1,0,1
14483,1070,SDN,Sudan,2017,0,0,0,0,1,0,0,0,250,1,2,2,1,1,1
14484,1070,SDN,Sudan,2018,0,1,12,0,2,7,0,14,19688,1,2,2,1,1,1
14485,1070,SDN,Sudan,2019,0,7,0,0,1,16,2,24,13750,2,4,5,3,0,0
14486,1070,SDN,Sudan,2020,1,2,4,0,0,22,0,20,15188,,,,,,
14487,1070,SDN,Sudan,2021,0,0,0,0,0,19,2,24,12688,,,,,,
15239,1110,SYR,Syria,2000,0,0,0,0,0,0,0,0,0,1,2,2,1,1,1
15240,1110,SYR,Syria,2001,0,0,0,0,0,0,0,0,0,1,2,2,1,1,1
15241,1110,SYR,Syria,2002,0,0,0,0,0,0,0,0,0,1,2,2,1,1,1
15242,1110,SYR,Syria,2003,0,0,0,0,0,0,0,0,0,1,2,2,1,1,1
15243,1110,SYR,Syria,2004,0,0,0,0,0,0,0,1,125,1,2,2,1,1,1
15244,1110,SYR,Syria,2005,0,0,0,0,0,0,0,0,0,1,2,2,1,1,1
15245,1110,SYR,Syria,2006,0,0,0,0,0,0,0,0,0,1,2,2,1,1,1
15246,1110,SYR,Syria,2007,0,0,0,0,0,0,0,0,0,1,2,2,1,1,1
15247,1110,SYR,Syria,2008,0,0,0,0,0,0,0,0,0,1,2,2,1,1,1
15248,1110,SYR,Syria,2009,0,0,0,0,0,0,0,0,0,1,2,2,1,1,1
15249,1110,SYR,Syria,2010,0,0,0,0,0,0,0,0,0,1,2,2,1,1,1
15250,1110,SYR,Syria,2011,0,7,1,0,3,7,1,74,17062,1,2,2,1,1,1
15251,1110,SYR,Syria,2012,2,1,2,0,0,6,1,27,10500,1,2,2,1,1,1
15252,1110,SYR,Syria,2013,3,0,41,0,0,0,0,2,52438,1,2,2,1,1,1
15253,1110,SYR,Syria,2014,1,0,47,0,0,0,0,1,59188,1,2,2,1,1,1
15254,1110,SYR,Syria,2015,0,0,72,0,0,0,0,1,90125,1,2,2,1,1,1
15255,1110,SYR,Syria,2016,0,0,48,0,0,0,0,2,60250,1,2,2,1,1,1
15256,1110,SYR,Syria,2017,0,0,40,0,0,0,0,0,50000,1,2,2,1,1,1
15257,1110,SYR,Syria,2018,0,0,70,0,0,0,0,1,87625,1,2,2,1,1,1
15258,1110,SYR,Syria,2019,1,0,117,0,0,6,0,9,149562,1,2,2,1,1,1
15259,1110,SYR,Syria,2020,0,0,10,0,0,0,0,1,12625,,,,,,
15260,1110,SYR,Syria,2021,0,0,194,0,0,0,0,4,243000,,,,,,
15270,1115,TJK,Tajikistan,2000,0,0,0,0,0,0,0,0,0,1,2,2,1,1,1
15271,1115,TJK,Tajikistan,2001,1,0,0,0,0,0,0,0,312,1,2,2,1,1,1
15272,1115,TJK,Tajikistan,2002,0,0,0,0,0,0,0,0,0,1,2,2,1,1,1
15273,1115,TJK,Tajikistan,2003,0,0,0,0,0,0,0,0,0,1,2,2,1,1,1
15274,1115,TJK,Tajikistan,2004,0,0,0,0,0,0,0,0,0,1,2,2,1,1,1
15275,1115,TJK,Tajikistan,2005,0,0,0,0,0,0,0,0,0,1,2,2,1,1,1
15276,1115,TJK,Tajikistan,2006,0,0,0,0,0,0,0,0,0,1,2,2,1,1,1
15277,1115,TJK,Tajikistan,2007,0,0,0,0,0,0,0,0,0,1,2,2,1,1,1
15278,1115,TJK,Tajikistan,2008,0,0,0,0,0,0,0,0,0,1,2,2,1,1,1
15279,1115,TJK,Tajikistan,2009,0,0,0,0,0,0,0,0,0,1,2,2,1,1,1
15280,1115,TJK,Tajikistan,2010,0,0,1,0,0,0,0,0,1250,1,2,2,1,1,1
15281,1115,TJK,Tajikistan,2011,0,0,1,0,0,0,0,0,1250,1,2,2,1,1,1
15282,1115,TJK,Tajikistan,2012,0,0,1,0,0,0,0,0,1250,1,2,2,1,1,1
15283,1115,TJK,Tajikistan,2013,0,0,0,0,0,0,0,0,0,1,2,2,1,1,1
15284,1115,TJK,Tajikistan,2014,0,0,0,0,0,1,0,1,438,1,2,2,1,1,1
15285,1115,TJK,Tajikistan,2015,1,0,1,0,1,0,0,0,1812,1,2,2,1,1,1
15286,1115,TJK,Tajikistan,2016,0,0,0,0,0,0,0,0,0,1,2,2,1,1,1
15287,1115,TJK,Tajikistan,2017,0,0,0,0,0,0,0,0,0,1,2,2,1,1,1
15288,1115,TJK,Tajikistan,2018,0,0,2,0,0,0,0,1,2625,1,2,2,1,1,1
15289,1115,TJK,Tajikistan,2019,0,0,0,0,1,1,0,0,562,1,2,2,1,1,1
15290,1115,TJK,Tajikistan,2020,0,0,0,0,0,1,0,0,312,,,,,,
15291,1115,TJK,Tajikistan,2021,0,0,0,0,1,2,0,1,1000,,,,,,
15734,1160,TUN,Tunisia,2000,0,0,0,0,0,0,0,0,0,1,2,2,1,1,2
15735,1160,TUN,Tunisia,2001,0,0,0,0,0,0,0,0,0,1,2,2,1,1,2
15736,1160,TUN,Tunisia,2002,0,0,0,0,0,0,0,0,0,1,2,2,1,1,2
15737,1160,TUN,Tunisia,2003,0,0,0,0,0,0,0,0,0,1,2,2,1,1,2
15738,1160,TUN,Tunisia,2004,0,0,0,0,0,0,0,0,0,1,2,2,1,1,2
15739,1160,TUN,Tunisia,2005,0,0,0,0,0,0,0,0,0,1,2,2,1,1,2
15740,1160,TUN,Tunisia,2006,0,0,0,0,0,0,0,0,0,1,2,2,1,1,2
15741,1160,TUN,Tunisia,2007,0,0,0,0,0,0,0,0,0,1,2,2,1,1,2
15742,1160,TUN,Tunisia,2008,0,0,0,0,0,0,0,0,0,1,2,2,1,1,2
15743,1160,TUN,Tunisia,2009,0,0,0,0,0,0,0,0,0,1,2,2,1,1,2
15744,1160,TUN,Tunisia,2010,0,0,0,0,0,0,0,0,0,1,2,2,1,1,2
15745,1160,TUN,Tunisia,2011,0,2,0,0,1,13,1,16,8688,1,2,2,1,2,2
15746,1160,TUN,Tunisia,2012,0,0,0,0,0,4,0,4,1750,1,2,2,1,2,2
15747,1160,TUN,Tunisia,2013,2,2,2,2,2,2,0,8,6250,1,2,2,1,2,2
15748,1160,TUN,Tunisia,2014,2,0,12,1,0,2,0,2,16750,1,2,2,1,2,2
15749,1160,TUN,Tunisia,2015,2,1,6,0,0,0,0,2,8625,1,2,2,1,2,2
15750,1160,TUN,Tunisia,2016,0,0,3,1,0,3,0,9,6062,1,2,2,1,2,2
15751,1160,TUN,Tunisia,2017,0,2,2,0,0,3,0,2,4188,1,2,2,1,2,2
15752,1160,TUN,Tunisia,2018,0,2,3,0,0,5,0,8,6812,1,2,2,1,2,2
15753,1160,TUN,Tunisia,2019,0,4,6,0,0,1,0,6,9562,1,2,2,1,2,2
15754,1160,TUN,Tunisia,2020,0,3,2,1,0,7,0,13,7312,,,,,,
15755,1160,TUN,Tunisia,2021,0,1,1,1,0,15,0,15,8312,,,,,,
15961,1172,TKM,Turkmenistan,2000,0,0,0,0,0,0,0,0,0,1,2,2,1,1,1
15962,1172,TKM,Turkmenistan,2001,0,0,0,0,0,0,0,0,0,1,2,2,1,1,1
15963,1172,TKM,Turkmenistan,2002,1,0,0,0,0,0,0,0,312,1,2,2,1,1,1
15964,1172,TKM,Turkmenistan,2003,0,0,0,0,0,0,0,0,0,1,2,2,1,1,1
15965,1172,TKM,Turkmenistan,2004,0,0,0,0,0,0,0,0,0,1,2,2,1,1,1
15966,1172,TKM,Turkmenistan,2005,0,0,0,0,0,0,0,0,0,1,2,2,1,1,1
15967,1172,TKM,Turkmenistan,2006,0,0,0,0,0,0,0,0,0,1,2,2,1,1,1
15968,1172,TKM,Turkmenistan,2007,0,0,0,0,0,0,0,0,0,1,2,2,1,0,1
15969,1172,TKM,Turkmenistan,2008,0,0,0,0,0,0,0,0,0,1,2,2,1,0,1
15970,1172,TKM,Turkmenistan,2009,0,0,0,0,0,0,0,0,0,1,2,2,1,0,1
15971,1172,TKM,Turkmenistan,2010,0,0,0,0,0,0,0,0,0,1,2,2,1,0,1
15972,1172,TKM,Turkmenistan,2011,0,0,0,0,0,0,0,0,0,1,2,2,1,0,1
15973,1172,TKM,Turkmenistan,2012,0,0,0,0,0,0,0,0,0,1,2,2,1,0,1
15974,1172,TKM,Turkmenistan,2013,0,0,0,0,0,0,0,0,0,1,2,2,1,0,1
15975,1172,TKM,Turkmenistan,2014,0,0,0,0,0,0,0,0,0,1,2,2,1,0,1
15976,1172,TKM,Turkmenistan,2015,0,0,0,0,0,0,0,0,0,1,2,2,1,0,1
15977,1172,TKM,Turkmenistan,2016,0,0,0,0,0,0,0,0,0,1,2,2,1,0,1
15978,1172,TKM,Turkmenistan,2017,0,0,0,0,0,0,0,0,0,1,2,2,1,0,1
15979,1172,TKM,Turkmenistan,2018,0,0,0,0,0,0,0,0,0,1,2,2,1,0,1
15980,1172,TKM,Turkmenistan,2019,0,0,0,0,0,0,0,0,0,1,2,2,1,0,1
15981,1172,TKM,Turkmenistan,2020,0,0,0,0,0,0,0,1,125,,,,,,
15982,1172,TKM,Turkmenistan,2021,0,0,0,0,0,0,0,0,0,,,,,,
16147,1185,ARE,United Arab Emirates,2000,0,0,0,0,0,0,0,0,0,1,2,2,3,1,1
16148,1185,ARE,United Arab Emirates,2001,0,0,0,0,0,0,0,0,0,1,2,2,3,1,1
16149,1185,ARE,United Arab Emirates,2002,0,0,0,0,0,0,0,0,0,1,2,2,3,1,1
16150,1185,ARE,United Arab Emirates,2003,0,0,0,0,0,0,0,0,0,1,2,2,3,1,1
16151,1185,ARE,United Arab Emirates,2004,0,0,0,0,0,0,0,0,0,1,2,2,3,1,1
16152,1185,ARE,United Arab Emirates,2005,0,0,0,0,0,0,0,0,0,1,2,2,3,1,1
16153,1185,ARE,United Arab Emirates,2006,0,0,0,0,0,0,0,0,0,1,2,2,3,1,1
16154,1185,ARE,United Arab Emirates,2007,0,0,0,0,0,0,0,0,0,1,2,2,3,1,1
16155,1185,ARE,United Arab Emirates,2008,0,0,0,0,0,0,0,0,0,1,2,2,3,1,1
16156,1185,ARE,United Arab Emirates,2009,0,0,0,0,0,0,0,0,0,1,2,2,3,1,1
16157,1185,ARE,United Arab Emirates,2010,0,0,0,0,0,0,0,0,0,1,2,2,3,1,1
16158,1185,ARE,United Arab Emirates,2011,0,0,0,0,0,0,0,0,0,1,2,2,3,1,1
16159,1185,ARE,United Arab Emirates,2012,0,0,0,0,0,0,0,0,0,1,2,2,3,1,1
16160,1185,ARE,United Arab Emirates,2013,0,0,0,0,0,0,1,0,1875,1,2,2,3,1,1
16161,1185,ARE,United Arab Emirates,2014,0,0,0,0,0,0,0,0,0,1,2,2,3,1,1
16162,1185,ARE,United Arab Emirates,2015,0,0,0,0,0,0,0,0,0,1,2,2,3,1,1
16163,1185,ARE,United Arab Emirates,2016,0,0,0,0,0,0,0,0,0,1,2,2,3,1,1
16164,1185,ARE,United Arab Emirates,2017,0,0,0,0,0,0,0,0,0,1,2,2,3,1,1
16165,1185,ARE,United Arab Emirates,2018,0,0,0,0,0,0,0,0,0,1,2,2,3,1,1
16166,1185,ARE,United Arab Emirates,2019,0,0,0,0,0,0,0,0,0,1,2,2,3,1,1
16167,1185,ARE,United Arab Emirates,2020,0,0,0,0,0,1,0,0,312,,,,,,
16168,1185,ARE,United Arab Emirates,2021,0,0,0,0,0,0,0,0,0,,,,,,
16383,1200,EGY,Egypt,2000,0,0,0,0,0,0,0,0,0,1,2,2,1,1,1
16384,1200,EGY,Egypt,2001,0,0,0,0,0,0,0,0,0,1,2,2,1,1,1
16385,1200,EGY,Egypt,2002,0,0,0,0,0,0,0,0,0,1,2,2,1,1,1
16386,1200,EGY,Egypt,2003,0,0,0,0,0,0,0,1,125,1,2,2,1,1,1
16387,1200,EGY,Egypt,2004,0,0,0,0,0,0,0,0,0,1,2,2,1,1,1
16388,1200,EGY,Egypt,2005,0,0,0,0,0,2,0,2,875,1,2,2,1,1,1
16389,1200,EGY,Egypt,2006,0,0,0,0,0,0,0,0,0,1,2,2,1,1,1
16390,1200,EGY,Egypt,2007,0,0,0,0,0,0,0,1,125,1,2,2,1,1,1
16391,1200,EGY,Egypt,2008,0,1,0,0,0,0,0,1,375,1,2,2,1,1,1
16392,1200,EGY,Egypt,2009,0,0,0,0,0,1,0,1,437,1,2,2,1,1,1
16393,1200,EGY,Egypt,2010,0,0,0,0,0,2,0,4,1125,1,2,2,1,1,1
16394,1200,EGY,Egypt,2011,1,1,0,0,2,27,1,46,17125,2,3,4,1,1,1
16395,1200,EGY,Egypt,2012,0,0,0,0,0,9,1,25,8125,1,2,2,1,1,1
16396,1200,EGY,Egypt,2013,1,2,12,1,2,25,1,24,29250,2,2,4,3,0,0
16397,1200,EGY,Egypt,2014,0,0,31,1,1,24,0,12,48250,1,2,2,1,1,2
16398,1200,EGY,Egypt,2015,0,1,44,1,1,5,0,5,57938,1,2,2,1,1,2
16399,1200,EGY,Egypt,2016,0,0,43,0,0,5,0,9,56438,1,2,2,1,1,2
16400,1200,EGY,Egypt,2017,0,0,46,0,0,3,0,1,58562,1,2,2,1,1,2
16401,1200,EGY,Egypt,2018,0,0,38,0,1,1,0,0,48062,1,2,2,1,1,2
16402,1200,EGY,Egypt,2019,0,0,39,0,1,2,0,2,49875,1,2,2,1,1,2
16403,1200,EGY,Egypt,2020,0,0,12,0,0,3,0,1,16062,,,,,,
16404,1200,EGY,Egypt,2021,0,0,74,0,0,0,0,0,92500,,,,,,
17306,1241,UZB,Uzbekistan,2000,0,0,1,0,0,0,1,0,3125,1,2,2,1,1,1
17307,1241,UZB,Uzbekistan,2001,0,0,0,0,0,0,1,0,1875,1,2,2,1,1,1
17308,1241,UZB,Uzbekistan,2002,0,0,0,0,0,0,0,0,0,1,2,2,1,1,1
17309,1241,UZB,Uzbekistan,2003,0,0,0,0,0,0,0,0,0,1,2,2,1,1,1
17310,1241,UZB,Uzbekistan,2004,0,0,1,0,0,0,0,1,1375,1,2,2,1,1,1
17311,1241,UZB,Uzbekistan,2005,0,0,0,0,0,2,1,1,2625,1,2,2,1,1,1
17312,1241,UZB,Uzbekistan,2006,0,0,0,0,0,0,0,0,0,1,2,2,1,1,1
17313,1241,UZB,Uzbekistan,2007,0,0,0,0,0,0,0,0,0,1,2,2,1,1,1
17314,1241,UZB,Uzbekistan,2008,0,0,0,0,0,0,0,0,0,1,2,2,1,1,1
17315,1241,UZB,Uzbekistan,2009,0,0,0,0,0,0,0,0,0,1,2,2,1,1,1
17316,1241,UZB,Uzbekistan,2010,0,0,0,0,0,0,0,0,0,1,2,2,1,1,1
17317,1241,UZB,Uzbekistan,2011,0,0,0,0,0,0,0,0,0,1,2,2,1,1,1
17318,1241,UZB,Uzbekistan,2012,0,0,0,0,0,0,0,0,0,1,2,2,1,1,1
17319,1241,UZB,Uzbekistan,2013,0,0,0,0,0,0,0,0,0,1,2,2,1,1,1
17320,1241,UZB,Uzbekistan,2014,0,0,0,0,0,0,0,0,0,1,2,2,1,1,1
17321,1241,UZB,Uzbekistan,2015,0,0,0,0,0,0,0,0,0,1,2,2,1,1,1
17322,1241,UZB,Uzbekistan,2016,0,0,0,0,0,0,0,0,0,1,2,2,1,1,1
17323,1241,UZB,Uzbekistan,2017,0,0,0,0,0,0,0,0,0,1,2,2,1,1,1
17324,1241,UZB,Uzbekistan,2018,0,0,0,0,0,0,0,0,0,1,2,2,1,1,1
17325,1241,UZB,Uzbekistan,2019,0,0,0,0,0,0,0,3,375,1,2,2,1,1,1
17326,1241,UZB,Uzbekistan,2020,0,0,0,0,0,1,0,1,438,,,,,,
17327,1241,UZB,Uzbekistan,2021,0,0,0,0,0,0,0,0,0,,,,,,
17836,1285,YEM,Yemen Republic,2000,0,0,0,0,0,0,0,0,0,1,2,2,1,1,1
17837,1285,YEM,Yemen Republic,2001,0,0,0,0,0,0,0,0,0,1,2,2,1,1,1
17838,1285,YEM,Yemen Republic,2002,0,0,0,0,0,0,0,0,0,1,2,2,1,1,1
17839,1285,YEM,Yemen Republic,2003,0,0,0,0,0,0,0,0,0,1,2,2,1,1,1
17840,1285,YEM,Yemen Republic,2004,0,0,0,0,0,0,0,0,0,1,2,2,1,1,1
17841,1285,YEM,Yemen Republic,2005,0,0,0,0,0,1,0,0,312,1,2,2,1,1,1
17842,1285,YEM,Yemen Republic,2006,0,0,0,0,0,0,0,0,0,1,2,2,1,1,1
17843,1285,YEM,Yemen Republic,2007,0,0,0,0,0,0,0,0,0,1,2,2,1,1,1
17844,1285,YEM,Yemen Republic,2008,0,0,0,0,0,1,0,1,437,1,2,2,1,1,1
17845,1285,YEM,Yemen Republic,2009,0,0,0,0,0,0,3,1,5750,1,2,2,1,1,1
17846,1285,YEM,Yemen Republic,2010,0,0,1,0,0,0,1,0,3125,1,2,2,1,1,1
17847,1285,YEM,Yemen Republic,2011,2,2,1,0,1,23,1,55,18562,1,2,2,1,1,1
17848,1285,YEM,Yemen Republic,2012,2,0,3,0,0,0,0,1,4500,1,2,2,1,1,1
17849,1285,YEM,Yemen Republic,2013,0,0,6,0,0,0,0,3,7875,1,2,2,1,1,1
17850,1285,YEM,Yemen,2014,4,0,51,1,0,4,0,8,67500,1,2,2,1,1,1
17851,1285,YEM,Yemen,2015,2,0,29,0,0,2,1,4,39875,1,2,2,1,0,0
17852,1285,YEM,Yemen,2016,0,0,32,0,0,0,0,1,40125,1,2,2,1,1,1
17853,1285,YEM,Yemen,2017,1,0,21,0,0,0,0,1,26688,1,2,2,1,1,1
17854,1285,YEM,Yemen,2018,0,0,14,0,0,0,1,2,19625,1,2,2,1,1,1
17855,1285,YEM,Yemen,2019,0,0,69,0,0,0,0,0,86250,1,2,2,1,1,1
17856,1285,YEM,Yemen,2020,0,0,13,0,0,1,0,2,16812,,,,,,
17857,1285,YEM,Yemen,2021,0,0,6,0,0,1,0,4,8312,,,,,,
