,iso3,country,year,month,unrest_index
0,DZA,Algeria,2000,1,0.2557356876245428
1,EGY,Egypt,2000,1,0.02423406602431427
2,LBY,Libya,2000,1,0.11778690465019223
3,SDN,Sudan,2000,1,0.2598196458866805
4,DZA,Algeria,2000,2,0.046717638855510044
5,EGY,Egypt,2000,2,0.0053947684165803755
6,MAR,Morocco,2000,2,0.2502339054331617
7,SDN,Sudan,2000,2,0.3937871954499218
8,TUN,Tunisia,2000,2,0.03961098030893112
9,DZA,Algeria,2000,3,0.22299414887549374
10,EGY,Egypt,2000,3,0.00863898925893855
11,MAR,Morocco,2000,3,0.12557460989655145
12,SDN,Sudan,2000,3,0.40663362146845244
13,DZA,Algeria,2000,4,0.014142082743317241
14,SDN,Sudan,2000,4,0.1989660079392796
15,DZA,Algeria,2000,5,0.2578864763706018
16,EGY,Egypt,2000,5,0.029533244202752523
17,MAR,Morocco,2000,5,0.06309459188526137
18,SDN,Sudan,2000,5,0.20969900124896027
19,DZA,Algeria,2000,6,0.030722455614792643
20,EGY,Egypt,2000,6,0.018921528428181317
21,MAR,Morocco,2000,6,0.1272353147787426
22,SDN,Sudan,2000,6,0.387200466608149
23,DZA,Algeria,2000,7,0.08492620920748997
24,LBY,Libya,2000,7,0.14049422527858618
25,MAR,Morocco,2000,7,0.25339849114852525
26,SDN,Sudan,2000,7,0.3053411746863883
27,DZA,Algeria,2000,8,0.009265502487000948
28,SDN,Sudan,2000,8,0.258945853242497
29,DZA,Algeria,2000,9,0.010728476563895833
30,LBY,Libya,2000,9,0.13142830504996617
31,MAR,Morocco,2000,9,0.06409684693559534
32,SDN,Sudan,2000,9,0.5387462146357793
33,DZA,Algeria,2000,10,0.16740026046039863
34,EGY,Egypt,2000,10,0.07677272410826261
35,MAR,Morocco,2000,10,0.2561437943393805
36,SDN,Sudan,2000,10,0.45847662778065745
37,TUN,Tunisia,2000,10,0.0007802528410106313
38,DZA,Algeria,2000,11,0.007314870384474426
39,EGY,Egypt,2000,11,0.04519156773045108
40,MAR,Morocco,2000,11,0.3839040250775655
41,SDN,Sudan,2000,11,0.18534377915840516
42,DZA,Algeria,2000,12,0.049741118614426136
43,EGY,Egypt,2000,12,0.018819193304319637
44,MAR,Morocco,2000,12,0.19486145427314783
45,SDN,Sudan,2000,12,0.41656373567869537
46,SDN,Sudan,2001,1,0.5994190369287496
47,DZA,Algeria,2001,2,0.07276024477563109
48,EGY,Egypt,2001,2,0.03526724711846188
49,LBY,Libya,2001,2,0.27597400643045655
50,MAR,Morocco,2001,2,0.2589298362020549
51,SDN,Sudan,2001,2,0.6898510100215485
52,TUN,Tunisia,2001,2,0.020295131084648643
53,DZA,Algeria,2001,3,0.1576960149668432
54,EGY,Egypt,2001,3,0.016286506805847284
55,SDN,Sudan,2001,3,0.10531909678941029
56,TUN,Tunisia,2001,3,0.0009753160512632475
57,DZA,Algeria,2001,4,0.06799214095805664
58,EGY,Egypt,2001,4,0.01215265002758259
59,MAR,Morocco,2001,4,0.3182346245747575
60,SDN,Sudan,2001,4,0.22941444549617562
61,DZA,Algeria,2001,5,0.5731122448432603
62,EGY,Egypt,2001,5,0.024389140534439913
63,SDN,Sudan,2001,5,0.2966656091907755
64,DZA,Algeria,2001,6,0.48734156929010414
65,EGY,Egypt,2001,6,0.02363876726342068
66,MAR,Morocco,2001,6,0.31771963388824764
67,SDN,Sudan,2001,6,0.4106257784619835
68,DZA,Algeria,2001,7,0.10301460655849819
69,EGY,Egypt,2001,7,0.018469789088843253
70,SDN,Sudan,2001,7,0.5387854821732414
71,DZA,Algeria,2001,8,0.16398444043486485
72,SDN,Sudan,2001,8,0.3884286599440694
73,DZA,Algeria,2001,9,0.11310685600970494
74,EGY,Egypt,2001,9,0.012448588005727512
75,SDN,Sudan,2001,9,0.40770985734285253
76,DZA,Algeria,2001,10,0.21685857361990651
77,EGY,Egypt,2001,10,0.0069607405400571865
78,MAR,Morocco,2001,10,0.18738083220005539
79,SDN,Sudan,2001,10,0.2561677169268178
80,DZA,Algeria,2001,11,0.001950632102526495
81,MAR,Morocco,2001,11,0.25183178911136794
82,SDN,Sudan,2001,11,0.40306805805362356
83,DZA,Algeria,2001,12,0.18509357806094148
84,SDN,Sudan,2001,12,0.14859717511825368
85,DZA,Algeria,2002,1,0.13600721245014122
86,EGY,Egypt,2002,1,0.020665534779279793
87,MAR,Morocco,2002,1,0.12531918152754565
88,SDN,Sudan,2002,1,0.2769381791716583
89,DZA,Algeria,2002,2,0.12491621981498628
90,EGY,Egypt,2002,2,0.024141980010679437
91,SDN,Sudan,2002,2,0.24042618125046689
92,DZA,Algeria,2002,3,0.08391852742093989
93,EGY,Egypt,2002,3,0.021970282765702204
94,LBY,Libya,2002,3,0.08666183669388164
95,MAR,Morocco,2002,3,0.12774441172884496
96,SDN,Sudan,2002,3,0.24622866786265202
97,DZA,Algeria,2002,4,0.17910684527806695
98,EGY,Egypt,2002,4,0.0718347631095701
99,LBY,Libya,2002,4,0.16275715001851507
100,MAR,Morocco,2002,4,0.06387046181435799
101,SDN,Sudan,2002,4,0.23788516611876268
102,TUN,Tunisia,2002,4,0.08122819236603152
103,DZA,Algeria,2002,5,0.08911493863334496
104,EGY,Egypt,2002,5,0.040110108648841236
105,MAR,Morocco,2002,5,0.0003901264205052879
106,SDN,Sudan,2002,5,0.15962507221513145
107,DZA,Algeria,2002,6,0.1405444326711488
108,EGY,Egypt,2002,6,0.015772188165834394
109,MAR,Morocco,2002,6,0.25641969357852845
110,SDN,Sudan,2002,6,0.28173203308368655
111,DZA,Algeria,2002,7,0.22063251099197148
112,EGY,Egypt,2002,7,0.036018798869744684
113,SDN,Sudan,2002,7,0.6440661079164427
114,DZA,Algeria,2002,8,0.18505224880768173
115,EGY,Egypt,2002,8,0.026728298102138143
116,LBY,Libya,2002,8,0.08807024457145762
117,MAR,Morocco,2002,8,0.0673231145514159
118,SDN,Sudan,2002,8,0.16882036427238006
119,DZA,Algeria,2002,9,0.20593495379334914
120,LBY,Libya,2002,9,0.11025777870009443
121,SDN,Sudan,2002,9,0.31261984645941715
122,DZA,Algeria,2002,10,0.4766829878482485
123,MAR,Morocco,2002,10,0.0003901264205052879
124,SDN,Sudan,2002,10,0.5776227764936244
125,DZA,Algeria,2002,11,0.1250051857893888
126,EGY,Egypt,2002,11,0.01242877806070214
127,MAR,Morocco,2002,11,0.06500343523590818
128,SDN,Sudan,2002,11,0.04982361885113873
129,DZA,Algeria,2002,12,0.2361879798305544
130,EGY,Egypt,2002,12,0.024333453771507196
131,MAR,Morocco,2002,12,0.2595044472974306
132,SDN,Sudan,2002,12,0.11226782696554705
133,TUN,Tunisia,2002,12,0.0003901264205052879
134,DZA,Algeria,2003,1,0.24538641384846702
135,MAR,Morocco,2003,1,0.13010646011653818
136,SDN,Sudan,2003,1,0.06935495777142078
137,DZA,Algeria,2003,2,0.2857802664425162
138,MAR,Morocco,2003,2,0.0011703792615158914
139,SDN,Sudan,2003,2,0.18038081265387423
140,TUN,Tunisia,2003,2,0.04002110779468304
141,DZA,Algeria,2003,3,0.029064418327645086
142,EGY,Egypt,2003,3,0.02056883131849807
143,MAR,Morocco,2003,3,0.0007802528410106313
144,SDN,Sudan,2003,3,0.08591582682987414
145,TUN,Tunisia,2003,3,0.0003901264205052879
146,DZA,Algeria,2003,4,0.22892515834546884
147,EGY,Egypt,2003,4,0.011916880364135657
148,SDN,Sudan,2003,4,0.053366390547051085
149,DZA,Algeria,2003,5,0.23511204487310472
150,MAR,Morocco,2003,5,0.19476236799473318
151,SDN,Sudan,2003,5,0.12345093866028893
152,DZA,Algeria,2003,6,0.14434702109279957
153,SDN,Sudan,2003,6,0.23613498712105974
154,DZA,Algeria,2003,7,0.16397449047306628
155,MAR,Morocco,2003,7,0.12969015580666424
156,SDN,Sudan,2003,7,0.24350740653884062
157,DZA,Algeria,2003,8,0.05381904261749007
158,EGY,Egypt,2003,8,0.0
159,LBY,Libya,2003,8,0.05551343831961919
160,MAR,Morocco,2003,8,0.0647344084161674
161,SDN,Sudan,2003,8,0.08406633490427443
162,TUN,Tunisia,2003,8,0.0004876580256316376
163,DZA,Algeria,2003,9,0.09819777153654267
164,EGY,Egypt,2003,9,0.003995695921470255
165,LBY,Libya,2003,9,0.09972934408325033
166,MAR,Morocco,2003,9,0.06583735589714604
167,SDN,Sudan,2003,9,0.013166766692053994
168,DZA,Algeria,2003,10,0.18675222478548334
169,SDN,Sudan,2003,10,0.09139818101378511
170,DZA,Algeria,2003,11,0.004388922230684683
171,SDN,Sudan,2003,11,0.0819038756320223
172,DZA,Algeria,2003,12,0.12488578777876048
173,SDN,Sudan,2003,12,0.026333533384107932
174,DZA,Algeria,2004,1,0.10679010214407308
175,MAR,Morocco,2004,1,0.06755846374192234
176,SDN,Sudan,2004,1,0.08924141869058809
177,TUN,Tunisia,2004,1,0.0004876580256316376
178,DZA,Algeria,2004,2,0.21158353055479978
179,LBY,Libya,2004,2,0.023393812865027785
180,MAR,Morocco,2004,2,0.06814941937963828
181,SDN,Sudan,2004,2,0.05842143147066914
182,DZA,Algeria,2004,3,0.2199930602340268
183,LBY,Libya,2004,3,0.013029037333689875
184,SDN,Sudan,2004,3,0.07314870384474434
185,TUN,Tunisia,2004,3,0.0003901264205052879
186,DZA,Algeria,2004,4,0.2256544319770815
187,SDN,Sudan,2004,4,0.16759304432966377
188,TUN,Tunisia,2004,4,0.02133559002244889
189,DZA,Algeria,2004,5,0.0222372059688023
190,LBY,Libya,2004,5,0.0004876580256316376
191,SDN,Sudan,2004,5,0.11298393157809183
192,DZA,Algeria,2004,6,0.07670360925801248
193,LBY,Libya,2004,6,0.02397313325371908
194,SDN,Sudan,2004,6,0.03901264205053029
195,DZA,Algeria,2004,7,0.18474224798447814
196,MAR,Morocco,2004,7,0.0004876580256316376
197,SDN,Sudan,2004,7,0.3029920858201096
198,DZA,Algeria,2004,8,0.17467112121071615
199,MAR,Morocco,2004,8,0.07252385761532479
200,SDN,Sudan,2004,8,0.15454564969901238
201,DZA,Algeria,2004,9,0.03462371981984563
202,SDN,Sudan,2004,9,0.1397887843646141
203,DZA,Algeria,2004,10,0.07899788828847579
204,EGY,Egypt,2004,10,0.0014629740768948851
205,SDN,Sudan,2004,10,0.11144332565039083
206,TUN,Tunisia,2004,10,0.0003901264205052879
207,DZA,Algeria,2004,11,0.019506321025265144
208,EGY,Egypt,2004,11,0.004312733663901447
209,MAR,Morocco,2004,11,0.0003901264205052879
210,SDN,Sudan,2004,11,0.10003216349803723
211,DZA,Algeria,2004,12,0.07933768466811944
212,SDN,Sudan,2004,12,0.09216736684437789
213,TUN,Tunisia,2004,12,0.0004876580256316376
214,DZA,Algeria,2005,1,0.12546465186079803
215,EGY,Egypt,2005,1,0.013311719800177785
216,MAR,Morocco,2005,1,0.0003901264205052879
217,SDN,Sudan,2005,1,0.07794487147427209
218,DZA,Algeria,2005,2,0.028771823512266093
219,EGY,Egypt,2005,2,0.06821986449636269
220,SDN,Sudan,2005,2,0.05608067294763734
221,DZA,Algeria,2005,3,0.011703792615159081
222,EGY,Egypt,2005,3,0.07959781043801709
223,MAR,Morocco,2005,3,0.0003901264205052879
224,SDN,Sudan,2005,3,0.05217940874258428
225,TUN,Tunisia,2005,3,0.0003901264205052879
226,DZA,Algeria,2005,4,0.00341360617942138
227,EGY,Egypt,2005,4,0.01828765140297428
228,SDN,Sudan,2005,4,0.08123844667395358
229,DZA,Algeria,2005,5,0.023797711650823478
230,EGY,Egypt,2005,5,0.21113405476123628
231,LBY,Libya,2005,5,0.0004876580256316376
232,MAR,Morocco,2005,5,0.07213728426100727
233,SDN,Sudan,2005,5,0.08584017814014169
234,DZA,Algeria,2005,6,0.07784378394920402
235,EGY,Egypt,2005,6,0.082560869548162
236,LBY,Libya,2005,6,0.0008777844461369255
237,MAR,Morocco,2005,6,0.2127822782275606
238,SDN,Sudan,2005,6,0.11037894463753722
239,DZA,Algeria,2005,7,0.013654424717685631
240,EGY,Egypt,2005,7,0.045613268822057046
241,MAR,Morocco,2005,7,0.0003901264205052879
242,SDN,Sudan,2005,7,0.022432269179054942
243,DZA,Algeria,2005,8,0.12010159253276914
244,EGY,Egypt,2005,8,0.03515673094437283
245,MAR,Morocco,2005,8,0.07152100234260714
246,SDN,Sudan,2005,8,0.2201315857107723
247,DZA,Algeria,2005,9,0.1860133320469423
248,SDN,Sudan,2005,9,0.1525066282422874
249,DZA,Algeria,2005,10,0.021456953127791695
250,EGY,Egypt,2005,10,0.019814582815506465
251,LBY,Libya,2005,10,0.06033145028549752
252,MAR,Morocco,2005,10,0.0007802528410106313
253,SDN,Sudan,2005,10,0.09719202094154583
254,DZA,Algeria,2005,11,0.06276535644998513
255,EGY,Egypt,2005,11,0.04445923748420788
256,LBY,Libya,2005,11,0.060878703271124074
257,MAR,Morocco,2005,11,0.07136760233083553
258,SDN,Sudan,2005,11,0.10262670826363843
259,TUN,Tunisia,2005,11,0.13027726979630885
260,DZA,Algeria,2005,12,0.007314870384474426
261,EGY,Egypt,2005,12,0.04339618237920237
262,LBY,Libya,2005,12,0.0004876580256316376
263,MAR,Morocco,2005,12,0.0004876580256316376
264,SDN,Sudan,2005,12,0.013069235086927644
265,DZA,Algeria,2006,1,0.02291992720468658
266,LBY,Libya,2006,1,0.060323564106018135
267,SDN,Sudan,2006,1,0.28357111358622566
268,DZA,Algeria,2006,2,0.011411197799780143
269,LBY,Libya,2006,2,0.14505418394453468
270,MAR,Morocco,2006,2,0.14068381726340373
271,SDN,Sudan,2006,2,0.23340351366408918
272,DZA,Algeria,2006,3,0.07334632106767103
273,MAR,Morocco,2006,3,0.07077465877949901
274,SDN,Sudan,2006,3,0.1946064632142772
275,DZA,Algeria,2006,4,0.03257555611219279
276,EGY,Egypt,2006,4,0.0363475593754177
277,MAR,Morocco,2006,4,0.0007802528410106313
278,SDN,Sudan,2006,4,0.3112557416309584
279,DZA,Algeria,2006,5,0.03754966797363543
280,EGY,Egypt,2006,5,0.09510945803685837
281,MAR,Morocco,2006,5,0.13998423601535415
282,SDN,Sudan,2006,5,0.2919466919996473
283,DZA,Algeria,2006,6,0.12383299375840454
284,EGY,Egypt,2006,6,0.051359555116611194
285,SDN,Sudan,2006,6,0.15815650747779303
286,DZA,Algeria,2006,7,0.09294476986888095
287,EGY,Egypt,2006,7,0.029921950606329795
288,MAR,Morocco,2006,7,0.06977903140505243
289,SDN,Sudan,2006,7,0.22624210859501273
290,DZA,Algeria,2006,8,0.0782156941387214
291,MAR,Morocco,2006,8,0.0003901264205052879
292,SDN,Sudan,2006,8,0.1164886718410247
293,DZA,Algeria,2006,9,0.033648403768582386
294,SDN,Sudan,2006,9,0.25818156454375474
295,DZA,Algeria,2006,10,0.04096327415305684
296,LBY,Libya,2006,10,0.01269925980977546
297,MAR,Morocco,2006,10,0.07099912696585753
298,SDN,Sudan,2006,10,0.13504377714034804
299,DZA,Algeria,2006,11,0.0946122260217385
300,MAR,Morocco,2006,11,0.07030651157048431
301,SDN,Sudan,2006,11,0.320901776157512
302,DZA,Algeria,2006,12,0.008777844461369338
303,EGY,Egypt,2006,12,0.038546102777514385
304,MAR,Morocco,2006,12,0.0007802528410106313
305,SDN,Sudan,2006,12,0.13209984611852832
306,TUN,Tunisia,2006,12,0.002925948153789798
307,DZA,Algeria,2007,1,0.08975105612975318
308,MAR,Morocco,2007,1,0.0003901264205052879
309,SDN,Sudan,2007,1,0.15975917485812563
310,TUN,Tunisia,2007,1,0.002925948153789798
311,DZA,Algeria,2007,2,0.06680914951153319
312,EGY,Egypt,2007,2,0.008994310443118686
313,MAR,Morocco,2007,2,0.0003901264205052879
314,SDN,Sudan,2007,2,0.30215179522246405
315,DZA,Algeria,2007,3,0.1912508485921493
316,EGY,Egypt,2007,3,0.0904115813968892
317,MAR,Morocco,2007,3,0.07027817966041519
318,SDN,Sudan,2007,3,0.11694564546793623
319,DZA,Algeria,2007,4,0.10355708633875449
320,EGY,Egypt,2007,4,0.0086079109705689
321,MAR,Morocco,2007,4,0.0014629740768948851
322,SDN,Sudan,2007,4,0.21159696049339125
323,DZA,Algeria,2007,5,0.21722377323594033
324,EGY,Egypt,2007,5,0.021992965334851844
325,MAR,Morocco,2007,5,0.001755568892273851
326,SDN,Sudan,2007,5,0.07893474514473564
327,DZA,Algeria,2007,6,0.08095123225485039
328,EGY,Egypt,2007,6,0.025881746161650537
329,MAR,Morocco,2007,6,0.0008777844461369255
330,SDN,Sudan,2007,6,0.1118822855335994
331,DZA,Algeria,2007,7,0.08338952238300854
332,EGY,Egypt,2007,7,0.013510038649867578
333,LBY,Libya,2007,7,0.10830058432039158
334,MAR,Morocco,2007,7,0.002925948153789798
335,SDN,Sudan,2007,7,0.03930376008583408
336,DZA,Algeria,2007,8,0.051204092691321035
337,EGY,Egypt,2007,8,0.013061881164036948
338,MAR,Morocco,2007,8,0.1428184514330072
339,SDN,Sudan,2007,8,0.0949150064541554
340,DZA,Algeria,2007,9,0.05744611541940589
341,MAR,Morocco,2007,9,0.07154891394983887
342,SDN,Sudan,2007,9,0.1680681266021625
343,DZA,Algeria,2007,10,0.13403568278318262
344,SDN,Sudan,2007,10,0.09589273967490775
345,DZA,Algeria,2007,11,0.06663744532113183
346,SDN,Sudan,2007,11,0.2559220299139164
347,DZA,Algeria,2007,12,0.09067395128557829
348,EGY,Egypt,2007,12,0.021786299761278882
349,MAR,Morocco,2007,12,0.0004876580256316376
350,SDN,Sudan,2007,12,0.2677762075078075
351,DZA,Algeria,2008,1,0.033063214137824426
352,EGY,Egypt,2008,1,0.07131222312313054
353,MAR,Morocco,2008,1,0.0004876580256316376
354,SDN,Sudan,2008,1,0.07065028820241764
355,TUN,Tunisia,2008,1,0.00351113778454773
356,DZA,Algeria,2008,2,0.04925346058879454
357,EGY,Egypt,2008,2,0.019881960337389065
358,SDN,Sudan,2008,2,0.4117468989708655
359,TUN,Tunisia,2008,2,0.0003901264205052879
360,DZA,Algeria,2008,3,0.10044800435103718
361,EGY,Egypt,2008,3,0.02441718838011689
362,LBY,Libya,2008,3,0.0
363,MAR,Morocco,2008,3,0.07177454530542529
364,SDN,Sudan,2008,3,0.23150406669257642
365,TUN,Tunisia,2008,3,0.0003901264205052879
366,DZA,Algeria,2008,4,0.26107366356750294
367,EGY,Egypt,2008,4,0.10489351535880699
368,SDN,Sudan,2008,4,0.265686202763543
369,TUN,Tunisia,2008,4,0.024840573691502693
370,DZA,Algeria,2008,5,0.08470842401595419
371,EGY,Egypt,2008,5,0.06242109681106023
372,LBY,Libya,2008,5,0.0004876580256316376
373,MAR,Morocco,2008,5,0.07285435358187908
374,SDN,Sudan,2008,5,0.19748844795481493
375,TUN,Tunisia,2008,5,0.024840127353190383
376,DZA,Algeria,2008,6,0.0442793487273519
377,EGY,Egypt,2008,6,0.019721330484202104
378,LBY,Libya,2008,6,0.0003901264205052879
379,MAR,Morocco,2008,6,0.0733971065384515
380,SDN,Sudan,2008,6,0.07115732458906338
381,TUN,Tunisia,2008,6,0.024976566122020483
382,DZA,Algeria,2008,7,0.03160024006092954
383,EGY,Egypt,2008,7,0.007217338779348131
384,MAR,Morocco,2008,7,0.07367622418755237
385,SDN,Sudan,2008,7,0.23408562940781727
386,TUN,Tunisia,2008,7,0.0003901264205052879
387,DZA,Algeria,2008,8,0.22369654634466818
388,EGY,Egypt,2008,8,0.0039012642050530455
389,MAR,Morocco,2008,8,0.0003901264205052879
390,SDN,Sudan,2008,8,0.22629190492922224
391,DZA,Algeria,2008,9,0.042913906255583334
392,EGY,Egypt,2008,9,0.015613225882173343
393,SDN,Sudan,2008,9,0.16214535092034194
394,DZA,Algeria,2008,10,0.07727289112698499
395,EGY,Egypt,2008,10,0.0039012642050530455
396,MAR,Morocco,2008,10,0.0003901264205052879
397,SDN,Sudan,2008,10,0.045689617659457754
398,DZA,Algeria,2008,11,0.0649254161002272
399,EGY,Egypt,2008,11,0.022580844327396432
400,LBY,Libya,2008,11,0.019033233302708563
401,MAR,Morocco,2008,11,0.0004876580256316376
402,SDN,Sudan,2008,11,0.057796190317867674
403,DZA,Algeria,2008,12,0.029064418327645086
404,EGY,Egypt,2008,12,0.031474611745462344
405,MAR,Morocco,2008,12,0.0003901264205052879
406,SDN,Sudan,2008,12,0.061384023220797945
407,DZA,Algeria,2009,1,0.017068030897106984
408,EGY,Egypt,2009,1,0.07088162955001365
409,SDN,Sudan,2009,1,0.08631547053679829
410,TUN,Tunisia,2009,1,0.0003901264205052879
411,DZA,Algeria,2009,2,0.019506321025265144
412,EGY,Egypt,2009,2,0.026857371494867166
413,MAR,Morocco,2009,2,0.0003901264205052879
414,SDN,Sudan,2009,2,0.1089507859937756
415,DZA,Algeria,2009,3,0.11653372726968493
416,EGY,Egypt,2009,3,0.010386495898484643
417,LBY,Libya,2009,3,0.013376062818427986
418,MAR,Morocco,2009,3,0.0004876580256316376
419,SDN,Sudan,2009,3,0.08811880838427492
420,DZA,Algeria,2009,4,0.2908365292085746
421,EGY,Egypt,2009,4,0.02834220855996583
422,MAR,Morocco,2009,4,0.0003901264205052879
423,SDN,Sudan,2009,4,0.18007402597381483
424,DZA,Algeria,2009,5,0.04281637465045704
425,EGY,Egypt,2009,5,0.027973150248792378
426,LBY,Libya,2009,5,0.0
427,MAR,Morocco,2009,5,0.2300954644906779
428,SDN,Sudan,2009,5,0.11205035476727496
429,DZA,Algeria,2009,6,0.051691750716952686
430,EGY,Egypt,2009,6,0.03405436997241959
431,LBY,Libya,2009,6,0.0003901264205052879
432,SDN,Sudan,2009,6,0.16391602879420847
433,DZA,Algeria,2009,7,0.1766852581726238
434,EGY,Egypt,2009,7,0.027464950223483137
435,SDN,Sudan,2009,7,0.2862582069488475
436,DZA,Algeria,2009,8,0.08896330017730097
437,EGY,Egypt,2009,8,0.019438356182891137
438,LBY,Libya,2009,8,0.171818311012468
439,SDN,Sudan,2009,8,0.11990763625673242
440,DZA,Algeria,2009,9,0.12959704327583998
441,EGY,Egypt,2009,9,0.018726864990001535
442,SDN,Sudan,2009,9,0.417098530848075
443,DZA,Algeria,2009,10,0.11994904902254352
444,EGY,Egypt,2009,10,0.008684152127913652
445,LBY,Libya,2009,10,0.013589380790933192
446,SDN,Sudan,2009,10,0.2559978239796724
447,DZA,Algeria,2009,11,0.33922726186771784
448,EGY,Egypt,2009,11,0.02354446546141753
449,MAR,Morocco,2009,11,0.07851812583737108
450,SDN,Sudan,2009,11,0.2211310328563009
451,DZA,Algeria,2009,12,0.013166766692053994
452,EGY,Egypt,2009,12,0.011336299308111197
453,SDN,Sudan,2009,12,1.2876632448976695
454,DZA,Algeria,2010,1,0.13787472880843082
455,EGY,Egypt,2010,1,0.046470131991180136
456,LBY,Libya,2010,1,0.0408907551625588
457,SDN,Sudan,2010,1,0.2660636238993019
458,DZA,Algeria,2010,2,0.02340758523031819
459,EGY,Egypt,2010,2,0.01029877428174203
460,SDN,Sudan,2010,2,0.26015526245522674
461,TUN,Tunisia,2010,2,0.024549920651642188
462,DZA,Algeria,2010,3,0.013654424717685631
463,EGY,Egypt,2010,3,0.036686647201910255
464,MAR,Morocco,2010,3,0.15742437733902928
465,SDN,Sudan,2010,3,0.6993970581625781
466,DZA,Algeria,2010,4,0.021944611153423277
467,EGY,Egypt,2010,4,0.04929213632989668
468,LBY,Libya,2010,4,0.039960430268252245
469,SDN,Sudan,2010,4,0.9740286218826681
470,DZA,Algeria,2010,5,0.015605056820212099
471,EGY,Egypt,2010,5,0.050529910717974136
472,LBY,Libya,2010,5,0.013768654399830133
473,SDN,Sudan,2010,5,0.2008879763635847
474,DZA,Algeria,2010,6,0.08040664333349748
475,EGY,Egypt,2010,6,0.072572898601384
476,LBY,Libya,2010,6,0.026812837776691745
477,MAR,Morocco,2010,6,0.0003901264205052879
478,SDN,Sudan,2010,6,0.11901979368123274
479,DZA,Algeria,2010,7,0.024870559307213047
480,EGY,Egypt,2010,7,0.04109581202325524
481,MAR,Morocco,2010,7,0.0004876580256316376
482,SDN,Sudan,2010,7,0.26947891156306014
483,DZA,Algeria,2010,8,0.025358217332844685
484,EGY,Egypt,2010,8,0.01188788441421304
485,MAR,Morocco,2010,8,0.23324766482800527
486,SDN,Sudan,2010,8,0.1771852004223623
487,TUN,Tunisia,2010,8,0.0018531004974002008
488,DZA,Algeria,2010,9,0.013166766692053994
489,EGY,Egypt,2010,9,0.07939480294782814
490,MAR,Morocco,2010,9,0.08021141524064798
491,SDN,Sudan,2010,9,0.17628823070572733
492,DZA,Algeria,2010,10,0.06596393775510465
493,EGY,Egypt,2010,10,0.024656649005121517
494,LBY,Libya,2010,10,0.0014629740768948851
495,MAR,Morocco,2010,10,0.0012679108666422412
496,SDN,Sudan,2010,10,0.10039633654541508
497,DZA,Algeria,2010,11,0.036964478342877444
498,EGY,Egypt,2010,11,0.13429028278756688
499,MAR,Morocco,2010,11,0.15816455944605937
500,SDN,Sudan,2010,11,0.07642368048325549
501,DZA,Algeria,2010,12,0.0878153964824798
502,EGY,Egypt,2010,12,0.10205722454800958
503,MAR,Morocco,2010,12,0.0014629740768948851
504,SDN,Sudan,2010,12,0.2902949596801904
505,TUN,Tunisia,2010,12,0.3634905459208082
506,DZA,Algeria,2011,1,2.698553620426944
507,EGY,Egypt,2011,1,2.648581915921887
508,LBY,Libya,2011,1,0.11816673609497338
509,MAR,Morocco,2011,1,0.6937710896190904
510,SDN,Sudan,2011,1,0.6185487248619796
511,TUN,Tunisia,2011,1,9.966325510873485
512,DZA,Algeria,2011,2,3.1260855094405033
513,EGY,Egypt,2011,2,7.597143924932944
514,LBY,Libya,2011,2,6.578685742215581
515,MAR,Morocco,2011,2,2.75739168603438
516,SDN,Sudan,2011,2,0.8054329123579731
517,TUN,Tunisia,2011,2,5.253502589385727
518,DZA,Algeria,2011,3,0.37765421174074215
519,EGY,Egypt,2011,3,1.0980214984403094
520,LBY,Libya,2011,3,3.5067087838008497
521,MAR,Morocco,2011,3,0.9944346820734368
522,SDN,Sudan,2011,3,0.2914961460664968
523,TUN,Tunisia,2011,3,1.1680098790463291
524,DZA,Algeria,2011,4,0.3326312640720614
525,EGY,Egypt,2011,4,0.5977124145307431
526,LBY,Libya,2011,4,1.1598894180822372
527,MAR,Morocco,2011,4,0.5365654614322259
528,SDN,Sudan,2011,4,0.11428985388475053
529,TUN,Tunisia,2011,4,0.3132001359295852
530,DZA,Algeria,2011,5,0.14700523589678333
531,EGY,Egypt,2011,5,0.5830125242744012
532,LBY,Libya,2011,5,0.801576551676948
533,MAR,Morocco,2011,5,0.6784182010118928
534,SDN,Sudan,2011,5,0.18347366991477077
535,TUN,Tunisia,2011,5,0.6440469687668533
536,DZA,Algeria,2011,6,0.026333533384107932
537,EGY,Egypt,2011,6,0.39038633633740855
538,LBY,Libya,2011,6,0.5612904384956556
539,MAR,Morocco,2011,6,0.8863022891915149
540,SDN,Sudan,2011,6,0.13702393493364454
541,TUN,Tunisia,2011,6,0.3426334618682341
542,DZA,Algeria,2011,7,0.04037808452229888
543,EGY,Egypt,2011,7,0.5360137985985015
544,LBY,Libya,2011,7,0.48596731170086416
545,MAR,Morocco,2011,7,0.7377835632689483
546,SDN,Sudan,2011,7,0.15577079288028253
547,TUN,Tunisia,2011,7,0.4723442541921623
548,DZA,Algeria,2011,8,0.5398262483801605
549,EGY,Egypt,2011,8,0.5434212062099227
550,LBY,Libya,2011,8,1.6926815431726496
551,MAR,Morocco,2011,8,0.07209205253257034
552,SDN,Sudan,2011,8,0.07965354023525079
553,TUN,Tunisia,2011,8,0.6051114068333693
554,DZA,Algeria,2011,9,0.6263245351730908
555,EGY,Egypt,2011,9,0.474146722352021
556,LBY,Libya,2011,9,1.1405650677949668
557,MAR,Morocco,2011,9,0.2142397033054141
558,SDN,Sudan,2011,9,0.15638562275905876
559,TUN,Tunisia,2011,9,0.37453160481947667
560,DZA,Algeria,2011,10,0.17913485961873368
561,EGY,Egypt,2011,10,0.6950383481200639
562,LBY,Libya,2011,10,1.8332569706372557
563,MAR,Morocco,2011,10,0.537881354590835
564,SDN,Sudan,2011,10,0.3178506648240988
565,TUN,Tunisia,2011,10,2.741513231927491
566,DZA,Algeria,2011,11,0.42261650767912295
567,EGY,Egypt,2011,11,2.1638121737275955
568,LBY,Libya,2011,11,2.2015615611001933
569,MAR,Morocco,2011,11,2.281153948805969
570,SDN,Sudan,2011,11,0.15115702320468133
571,TUN,Tunisia,2011,11,0.6714272317892898
572,DZA,Algeria,2011,12,0.459080767703098
573,EGY,Egypt,2011,12,0.7441606236240474
574,LBY,Libya,2011,12,0.4379862336285636
575,MAR,Morocco,2011,12,0.4467802557316999
576,SDN,Sudan,2011,12,0.23971737652866154
577,TUN,Tunisia,2011,12,0.5165390461080478
578,DZA,Algeria,2012,1,0.4599835066963556
579,EGY,Egypt,2012,1,0.32217464598004764
580,LBY,Libya,2012,1,0.40982989080729204
581,MAR,Morocco,2012,1,0.12469424668431513
582,SDN,Sudan,2012,1,0.15357947411322387
583,TUN,Tunisia,2012,1,0.3712439953572142
584,DZA,Algeria,2012,2,0.5385853278050736
585,EGY,Egypt,2012,2,0.6975477313573457
586,LBY,Libya,2012,2,0.2917018019140052
587,MAR,Morocco,2012,2,0.30616979853237736
588,SDN,Sudan,2012,2,0.15092415046772983
589,TUN,Tunisia,2012,2,0.3659472953201198
590,DZA,Algeria,2012,3,0.47137499485275425
591,EGY,Egypt,2012,3,0.2238272658429242
592,LBY,Libya,2012,3,0.5268545357526111
593,MAR,Morocco,2012,3,0.5868579586172126
594,SDN,Sudan,2012,3,0.4168778342575674
595,TUN,Tunisia,2012,3,0.39102175032512243
596,DZA,Algeria,2012,4,0.46917314541190425
597,EGY,Egypt,2012,4,0.5668224055692092
598,LBY,Libya,2012,4,0.37861849716663365
599,MAR,Morocco,2012,4,0.34343036131468624
600,SDN,Sudan,2012,4,0.05886228924373432
601,TUN,Tunisia,2012,4,0.387347018452464
602,DZA,Algeria,2012,5,1.0408654621786355
603,EGY,Egypt,2012,5,0.9364890913235588
604,LBY,Libya,2012,5,0.4510469885074839
605,MAR,Morocco,2012,5,0.6812815957319651
606,SDN,Sudan,2012,5,0.08233657571713918
607,TUN,Tunisia,2012,5,0.5656686873325043
608,DZA,Algeria,2012,6,0.24991724808086194
609,EGY,Egypt,2012,6,1.7628141798968968
610,LBY,Libya,2012,6,0.4698189678265597
611,MAR,Morocco,2012,6,0.3390673839512631
612,SDN,Sudan,2012,6,0.5140443848978337
613,TUN,Tunisia,2012,6,0.3768280632030666
614,DZA,Algeria,2012,7,0.3333540596604707
615,EGY,Egypt,2012,7,0.37534835198186556
616,LBY,Libya,2012,7,1.057959209522867
617,SDN,Sudan,2012,7,0.8205990579764992
618,TUN,Tunisia,2012,7,0.5314630248360541
619,DZA,Algeria,2012,8,0.2512314477071237
620,EGY,Egypt,2012,8,0.3886926813830424
621,LBY,Libya,2012,8,0.3969024629846142
622,MAR,Morocco,2012,8,0.44840471951917193
623,SDN,Sudan,2012,8,0.11289043530478168
624,TUN,Tunisia,2012,8,0.5081734414852921
625,DZA,Algeria,2012,9,0.22770303125106509
626,EGY,Egypt,2012,9,0.5192749260524339
627,LBY,Libya,2012,9,1.7451163818940962
628,MAR,Morocco,2012,9,0.5087517513822406
629,SDN,Sudan,2012,9,0.5418073815864727
630,TUN,Tunisia,2012,9,0.5749689393998773
631,DZA,Algeria,2012,10,0.24626256340234187
632,EGY,Egypt,2012,10,0.26192124777040304
633,LBY,Libya,2012,10,1.2603106937191242
634,MAR,Morocco,2012,10,0.28878483100713187
635,SDN,Sudan,2012,10,0.3078755303234265
636,TUN,Tunisia,2012,10,0.2761596491223971
637,DZA,Algeria,2012,11,0.06228166977974359
638,EGY,Egypt,2012,11,0.8084573151295621
639,LBY,Libya,2012,11,0.7464799187412969
640,MAR,Morocco,2012,11,0.06125753329449393
641,SDN,Sudan,2012,11,0.37474485912620975
642,TUN,Tunisia,2012,11,0.23267884374633838
643,DZA,Algeria,2012,12,0.4847216203193572
644,EGY,Egypt,2012,12,1.4160983886260499
645,LBY,Libya,2012,12,0.4565508263739171
646,MAR,Morocco,2012,12,0.6485270357404499
647,SDN,Sudan,2012,12,0.3011868929423409
648,TUN,Tunisia,2012,12,0.429912568255986
649,DZA,Algeria,2013,1,1.7765292442424379
650,EGY,Egypt,2013,1,0.40878749407843984
651,LBY,Libya,2013,1,0.440644946592206
652,MAR,Morocco,2013,1,0.060086003615378386
653,SDN,Sudan,2013,1,0.381011414414695
654,TUN,Tunisia,2013,1,0.4519842478894258
655,DZA,Algeria,2013,2,0.6451559963557219
656,EGY,Egypt,2013,2,0.546104855074181
657,LBY,Libya,2013,2,0.21780996130413613
658,MAR,Morocco,2013,2,0.611746958358577
659,SDN,Sudan,2013,2,0.33976289098596346
660,TUN,Tunisia,2013,2,2.1205371466941827
661,DZA,Algeria,2013,3,0.8132599034696268
662,EGY,Egypt,2013,3,0.4322748704611482
663,LBY,Libya,2013,3,0.31445370618356305
664,MAR,Morocco,2013,3,0.505089620015805
665,SDN,Sudan,2013,3,0.1954335626102589
666,TUN,Tunisia,2013,3,0.5520828536905458
667,DZA,Algeria,2013,4,0.6642869414002446
668,EGY,Egypt,2013,4,0.31700534019169396
669,LBY,Libya,2013,4,0.24878502041428374
670,MAR,Morocco,2013,4,0.2552013735334588
671,SDN,Sudan,2013,4,0.3746067505412355
672,TUN,Tunisia,2013,4,0.4184687400119236
673,DZA,Algeria,2013,5,0.45286908197655773
674,EGY,Egypt,2013,5,0.24850337578516135
675,LBY,Libya,2013,5,0.8079317090800522
676,MAR,Morocco,2013,5,0.5172183953323829
677,SDN,Sudan,2013,5,0.1926915131023542
678,TUN,Tunisia,2013,5,0.43611521329608627
679,DZA,Algeria,2013,6,0.47345750798688324
680,EGY,Egypt,2013,6,0.49939713641867595
681,LBY,Libya,2013,6,0.4456233777653129
682,MAR,Morocco,2013,6,0.6413075931678938
683,SDN,Sudan,2013,6,0.17040753867319977
684,TUN,Tunisia,2013,6,0.5388267771354879
685,DZA,Algeria,2013,7,0.13762719128246786
686,EGY,Egypt,2013,7,4.0824541238234975
687,LBY,Libya,2013,7,0.3829502714523869
688,MAR,Morocco,2013,7,0.1310360738888585
689,SDN,Sudan,2013,7,0.28993975268373784
690,TUN,Tunisia,2013,7,1.184402779488422
691,DZA,Algeria,2013,8,0.17639961427878428
692,EGY,Egypt,2013,8,2.988380059759943
693,LBY,Libya,2013,8,0.19565796365329613
694,MAR,Morocco,2013,8,0.8993926643000567
695,SDN,Sudan,2013,8,0.15974264607170674
696,TUN,Tunisia,2013,8,0.3514021956714344
697,DZA,Algeria,2013,9,0.08059309149004742
698,EGY,Egypt,2013,9,0.7772587756144381
699,LBY,Libya,2013,9,0.29353564076905925
700,MAR,Morocco,2013,9,0.3243084567435329
701,SDN,Sudan,2013,9,1.6761584219568506
702,TUN,Tunisia,2013,9,0.4628279786921511
703,DZA,Algeria,2013,10,0.16377384217372784
704,EGY,Egypt,2013,10,0.8112113437699069
705,LBY,Libya,2013,10,0.6784241314791541
706,MAR,Morocco,2013,10,0.321288010340655
707,SDN,Sudan,2013,10,1.6547859650706127
708,TUN,Tunisia,2013,10,0.2543175447055526
709,DZA,Algeria,2013,11,0.15896858419426307
710,EGY,Egypt,2013,11,0.9546565526087503
711,LBY,Libya,2013,11,0.6006493862334743
712,MAR,Morocco,2013,11,0.06690230923683219
713,SDN,Sudan,2013,11,0.3926938769641173
714,TUN,Tunisia,2013,11,0.40213052878164623
715,DZA,Algeria,2013,12,0.2188579042436556
716,EGY,Egypt,2013,12,0.8740513822321163
717,LBY,Libya,2013,12,0.4403053555091857
718,MAR,Morocco,2013,12,0.13103749010334328
719,SDN,Sudan,2013,12,0.16042777377782186
720,TUN,Tunisia,2013,12,0.35175728684164254
721,DZA,Algeria,2014,1,0.3856380047287327
722,EGY,Egypt,2014,1,0.7851768426221709
723,LBY,Libya,2014,1,0.8393437423704299
724,MAR,Morocco,2014,1,0.12995701154997025
725,SDN,Sudan,2014,1,0.20971485115287725
726,TUN,Tunisia,2014,1,0.42885639352158145
727,DZA,Algeria,2014,2,0.39569831248262577
728,EGY,Egypt,2014,2,0.4832261571641308
729,LBY,Libya,2014,2,0.7433662038092494
730,MAR,Morocco,2014,2,0.5035768174844278
731,SDN,Sudan,2014,2,0.1473173524753949
732,TUN,Tunisia,2014,2,0.33666996279090866
733,DZA,Algeria,2014,3,0.9548122760551775
734,EGY,Egypt,2014,3,0.5647113948543243
735,LBY,Libya,2014,3,0.7498888478541379
736,MAR,Morocco,2014,3,0.19192225794430848
737,SDN,Sudan,2014,3,0.3511056314339689
738,TUN,Tunisia,2014,3,0.26284053854275063
739,DZA,Algeria,2014,4,1.0568308063704928
740,EGY,Egypt,2014,4,0.5321735466723472
741,LBY,Libya,2014,4,0.47169133086357384
742,MAR,Morocco,2014,4,0.1915447749202403
743,SDN,Sudan,2014,4,0.2899669635523839
744,TUN,Tunisia,2014,4,0.19894042122485328
745,DZA,Algeria,2014,5,0.2673042881873874
746,EGY,Egypt,2014,5,0.7523982434026308
747,LBY,Libya,2014,5,0.6838787669301931
748,MAR,Morocco,2014,5,0.12728144038645248
749,SDN,Sudan,2014,5,0.4656454768873787
750,TUN,Tunisia,2014,5,0.1912961896710344
751,DZA,Algeria,2014,6,0.20195679261728602
752,EGY,Egypt,2014,6,0.4603235335068665
753,LBY,Libya,2014,6,0.4996641776257702
754,MAR,Morocco,2014,6,0.558505177586599
755,SDN,Sudan,2014,6,0.17536709771839376
756,TUN,Tunisia,2014,6,0.17428703761388106
757,DZA,Algeria,2014,7,0.25189296241955245
758,EGY,Egypt,2014,7,0.24057631686637154
759,LBY,Libya,2014,7,0.3943353045507989
760,MAR,Morocco,2014,7,0.06804133444432084
761,SDN,Sudan,2014,7,0.1014328693313788
762,TUN,Tunisia,2014,7,0.12230020779997704
763,DZA,Algeria,2014,8,0.004974111861442587
764,EGY,Egypt,2014,8,0.34181363702657386
765,LBY,Libya,2014,8,0.5303085022467693
766,MAR,Morocco,2014,8,0.0668569799830582
767,SDN,Sudan,2014,8,0.15103551257804326
768,TUN,Tunisia,2014,8,0.07835033147850629
769,DZA,Algeria,2014,9,0.31234179770527315
770,EGY,Egypt,2014,9,0.3048180002879045
771,LBY,Libya,2014,9,0.5804218518740852
772,MAR,Morocco,2014,9,0.25427394285373983
773,SDN,Sudan,2014,9,0.31537042670313103
774,TUN,Tunisia,2014,9,0.18645516509845958
775,DZA,Algeria,2014,10,0.5342556985241833
776,EGY,Egypt,2014,10,0.31002388875519993
777,LBY,Libya,2014,10,0.5495470330613199
778,MAR,Morocco,2014,10,0.12972803991911486
779,SDN,Sudan,2014,10,0.10826008169022164
780,TUN,Tunisia,2014,10,1.1063228073228082
781,DZA,Algeria,2014,11,0.21658180771750699
782,EGY,Egypt,2014,11,0.42111551955509297
783,LBY,Libya,2014,11,0.7167208174426043
784,MAR,Morocco,2014,11,0.32267740559848784
785,SDN,Sudan,2014,11,0.21561052455688423
786,TUN,Tunisia,2014,11,0.9324998962192838
787,DZA,Algeria,2014,12,0.21669805818037433
788,EGY,Egypt,2014,12,0.3329079035179171
789,LBY,Libya,2014,12,0.39065316837274444
790,MAR,Morocco,2014,12,0.13253050834533564
791,SDN,Sudan,2014,12,0.14571221805873075
792,TUN,Tunisia,2014,12,1.215520716060585
793,SAU,Saudi Arabia,2015,1,0.5623248938557883
794,YEM,Yemen,2015,1,1.4392990540458772
795,DZA,Algeria,2015,1,0.5860472332243224
796,EGY,Egypt,2015,1,0.34723430054568155
797,LBY,Libya,2015,1,0.37559062258279363
798,MAR,Morocco,2015,1,0.5859008872652535
799,SDN,Sudan,2015,1,0.38816189823306557
800,TUN,Tunisia,2015,1,0.19345162955659445
801,YEM,Yemen,2015,2,1.09407993151671
802,DZA,Algeria,2015,2,0.8373803868030355
803,EGY,Egypt,2015,2,0.4039928883080325
804,LBY,Libya,2015,2,0.5291876022347646
805,MAR,Morocco,2015,2,0.0701541166563788
806,SDN,Sudan,2015,2,0.27426855297602015
807,TUN,Tunisia,2015,2,0.2710710151095186
808,SAU,Saudi Arabia,2015,3,0.46764088495432155
809,YEM,Yemen,2015,3,1.1873227291142807
810,DZA,Algeria,2015,3,0.7455849838035391
811,EGY,Egypt,2015,3,0.3685645401695784
812,LBY,Libya,2015,3,0.4643637395048537
813,MAR,Morocco,2015,3,0.26802860701357356
814,SDN,Sudan,2015,3,0.3220610747479323
815,TUN,Tunisia,2015,3,0.31550447477676147
816,SAU,Saudi Arabia,2015,4,0.6597542150722514
817,YEM,Yemen,2015,4,2.2551993408051856
818,DZA,Algeria,2015,4,0.019603852630391494
819,EGY,Egypt,2015,4,0.32276621587522936
820,LBY,Libya,2015,4,0.4022245834154776
821,MAR,Morocco,2015,4,0.13690502741383703
822,SDN,Sudan,2015,4,0.5927256249812182
823,TUN,Tunisia,2015,4,0.048896586917132
824,SAU,Saudi Arabia,2015,5,0.2170920070107697
825,YEM,Yemen,2015,5,1.9722640332312356
826,DZA,Algeria,2015,5,0.1296325952636949
827,EGY,Egypt,2015,5,0.3128715508041502
828,LBY,Libya,2015,5,0.5054618247148983
829,MAR,Morocco,2015,5,0.07205162882242389
830,SDN,Sudan,2015,5,0.23174180818873572
831,TUN,Tunisia,2015,5,0.24488148814780258
832,SAU,Saudi Arabia,2015,6,0.3445425388131009
833,YEM,Yemen,2015,6,1.6244912915390162
834,DZA,Algeria,2015,6,0.12307825541353228
835,EGY,Egypt,2015,6,0.3310499836521914
836,LBY,Libya,2015,6,0.22619369056371644
837,MAR,Morocco,2015,6,0.13829485527356306
838,SDN,Sudan,2015,6,0.2647671298065028
839,TUN,Tunisia,2015,6,0.16020051006445424
840,SAU,Saudi Arabia,2015,7,0.24426847702303062
841,YEM,Yemen,2015,7,0.9441793525851172
842,DZA,Algeria,2015,7,0.2594264602108065
843,EGY,Egypt,2015,7,0.2412483767569543
844,LBY,Libya,2015,7,0.3251982879211842
845,MAR,Morocco,2015,7,0.1383262097785778
846,SDN,Sudan,2015,7,0.13588351069146704
847,TUN,Tunisia,2015,7,0.266312900155236
848,SAU,Saudi Arabia,2015,8,0.09216736684437789
849,YEM,Yemen,2015,8,1.2046128549152495
850,DZA,Algeria,2015,8,0.1275300473712847
851,EGY,Egypt,2015,8,0.2401310394073231
852,LBY,Libya,2015,8,0.2922927830789289
853,MAR,Morocco,2015,8,0.003316074574295086
854,SDN,Sudan,2015,8,0.06271282209622749
855,TUN,Tunisia,2015,8,0.20240532843962758
856,SAU,Saudi Arabia,2015,9,0.5308227240794163
857,YEM,Yemen,2015,9,1.6365646051406726
858,DZA,Algeria,2015,9,0.0681582682714505
859,EGY,Egypt,2015,9,0.30463956717426954
860,LBY,Libya,2015,9,0.23885277242817984
861,MAR,Morocco,2015,9,0.3396965085726865
862,SDN,Sudan,2015,9,0.1550660111850592
863,TUN,Tunisia,2015,9,0.09952100022770374
864,SAU,Saudi Arabia,2015,10,1.5273819487823626
865,YEM,Yemen,2015,10,1.6981701117000434
866,DZA,Algeria,2015,10,0.378942169686843
867,EGY,Egypt,2015,10,0.2328235831131792
868,LBY,Libya,2015,10,0.5230657564742811
869,MAR,Morocco,2015,10,0.470985725897282
870,SDN,Sudan,2015,10,0.09980411724777628
871,TUN,Tunisia,2015,10,0.32896894747315186
872,SAU,Saudi Arabia,2015,11,0.5287584451348274
873,YEM,Yemen,2015,11,1.3646011934426228
874,DZA,Algeria,2015,11,0.12550675706103726
875,EGY,Egypt,2015,11,0.20102452805285795
876,LBY,Libya,2015,11,0.22485073570933234
877,MAR,Morocco,2015,11,0.26961308174607485
878,SDN,Sudan,2015,11,0.10704781986368124
879,TUN,Tunisia,2015,11,0.1398318816773663
880,SAU,Saudi Arabia,2015,12,0.31028171129161086
881,YEM,Yemen,2015,12,1.287582358549503
882,DZA,Algeria,2015,12,0.12453492552551755
883,EGY,Egypt,2015,12,0.10456454817553819
884,LBY,Libya,2015,12,0.2479665351887349
885,MAR,Morocco,2015,12,0.135096925100535
886,SDN,Sudan,2015,12,0.10416375427491593
887,TUN,Tunisia,2015,12,0.04326159305651328
888,BHR,Bahrain,2016,1,0.422272227598786
889,IRN,Iran,2016,1,0.6113673434397431
890,IRQ,Iraq,2016,1,1.48900320715147
891,JOR,Jordan,2016,1,0.088864425747988
892,KWT,Kuwait,2016,1,1.081603332882808
893,LBN,Lebanon,2016,1,0.3827302620264963
894,SAU,Saudi Arabia,2016,1,3.152171897608008
895,YEM,Yemen,2016,1,1.7500252439127595
896,DZA,Algeria,2016,1,0.28202365521778955
897,EGY,Egypt,2016,1,0.20922781401773327
898,LBY,Libya,2016,1,0.28372806530254446
899,MAR,Morocco,2016,1,0.0722402698324423
900,SDN,Sudan,2016,1,0.4982716230443374
901,TUN,Tunisia,2016,1,0.5439819006013856
902,BHR,Bahrain,2016,2,0.5782598967626974
903,IRN,Iran,2016,2,0.41806456317199325
904,IRQ,Iraq,2016,2,1.4865367960539522
905,JOR,Jordan,2016,2,0.13070697250827096
906,KWT,Kuwait,2016,2,0.11959812891601758
907,LBN,Lebanon,2016,2,0.12390778350804134
908,OMN,Oman,2016,2,0.0
909,SAU,Saudi Arabia,2016,2,0.41349421190337843
910,YEM,Yemen,2016,2,1.397345112120225
911,DZA,Algeria,2016,2,0.2749594477489694
912,EGY,Egypt,2016,2,0.15235585349559558
913,LBY,Libya,2016,2,0.33712525140432
914,MAR,Morocco,2016,2,0.13194553647073554
915,SDN,Sudan,2016,2,0.1849768045626315
916,TUN,Tunisia,2016,2,0.2968756894602955
917,BHR,Bahrain,2016,3,0.12861892309225684
918,IRN,Iran,2016,3,0.2978373755466467
919,IRQ,Iraq,2016,3,1.637456417356372
920,JOR,Jordan,2016,3,0.048223584963886734
921,KWT,Kuwait,2016,3,0.0007802528410106313
922,LBN,Lebanon,2016,3,0.1408338423972268
923,OMN,Oman,2016,3,0.2975887785702247
924,SAU,Saudi Arabia,2016,3,0.12251738511839375
925,YEM,Yemen,2016,3,1.004517452967952
926,DZA,Algeria,2016,3,0.08774980651726724
927,EGY,Egypt,2016,3,0.11344866595269222
928,LBY,Libya,2016,3,0.23274347291564795
929,MAR,Morocco,2016,3,0.2008217015342875
930,SDN,Sudan,2016,3,0.20676700286781058
931,TUN,Tunisia,2016,3,0.07422155150113394
932,BHR,Bahrain,2016,4,0.28702856883703254
933,IRN,Iran,2016,4,0.26948895782887683
934,IRQ,Iraq,2016,4,2.1555362790342674
935,JOR,Jordan,2016,4,0.08838060255030408
936,LBN,Lebanon,2016,4,0.18457668712893263
937,SAU,Saudi Arabia,2016,4,0.6859327059722625
938,YEM,Yemen,2016,4,1.2168596379281054
939,DZA,Algeria,2016,4,0.38338996311001994
940,EGY,Egypt,2016,4,0.2597341992804471
941,LBY,Libya,2016,4,0.28293208327091424
942,MAR,Morocco,2016,4,0.2619547220862633
943,SDN,Sudan,2016,4,0.2472767931377195
944,TUN,Tunisia,2016,4,0.10442021961305858
945,BHR,Bahrain,2016,5,0.10123780612112614
946,IRN,Iran,2016,5,0.2943058537891182
947,IRQ,Iraq,2016,5,2.629693211764975
948,JOR,Jordan,2016,5,0.08357213317988019
949,KWT,Kuwait,2016,5,0.0007802528410106313
950,LBN,Lebanon,2016,5,0.04808308132727859
951,SAU,Saudi Arabia,2016,5,0.23671040802100649
952,YEM,Yemen,2016,5,0.8444313171017988
953,DZA,Algeria,2016,5,0.13464542365694238
954,EGY,Egypt,2016,5,0.2882721957273141
955,LBY,Libya,2016,5,0.2883246272801205
956,MAR,Morocco,2016,5,0.13330219564429852
957,SDN,Sudan,2016,5,0.16317557640220112
958,TUN,Tunisia,2016,5,0.23687134648547717
959,BHR,Bahrain,2016,6,0.6152954130973243
960,IRN,Iran,2016,6,0.2865643237119987
961,IRQ,Iraq,2016,6,1.3665469532171437
962,JOR,Jordan,2016,6,0.0886220008610783
963,KWT,Kuwait,2016,6,0.0003901264205052879
964,LBN,Lebanon,2016,6,0.11548820997361023
965,SAU,Saudi Arabia,2016,6,0.6064172053173157
966,YEM,Yemen,2016,6,1.006052887115347
967,DZA,Algeria,2016,6,0.07034985236420119
968,EGY,Egypt,2016,6,0.17647922287528847
969,LBY,Libya,2016,6,0.4961156355543817
970,MAR,Morocco,2016,6,0.06664911360183709
971,SDN,Sudan,2016,6,0.14873569781764684
972,TUN,Tunisia,2016,6,0.04794594028370039
973,BHR,Bahrain,2016,7,0.1557824722896428
974,IRN,Iran,2016,7,0.2223236073360202
975,IRQ,Iraq,2016,7,1.4681146842355275
976,JOR,Jordan,2016,7,0.04235270195979557
977,KWT,Kuwait,2016,7,0.11890630578669253
978,LBN,Lebanon,2016,7,0.11294159873628523
979,OMN,Oman,2016,7,0.0
980,SAU,Saudi Arabia,2016,7,0.17073053692706533
981,YEM,Yemen,2016,7,1.1695014770697725
982,DZA,Algeria,2016,7,0.11645935855382668
983,EGY,Egypt,2016,7,0.1214159491611284
984,LBY,Libya,2016,7,0.22181170716512047
985,MAR,Morocco,2016,7,0.1970865948313301
986,SDN,Sudan,2016,7,0.07675737323441839
987,TUN,Tunisia,2016,7,0.06764305919027078
988,BHR,Bahrain,2016,8,0.13282271684757954
989,IRN,Iran,2016,8,0.2638029342744804
990,IRQ,Iraq,2016,8,1.3573698148231736
991,JOR,Jordan,2016,8,0.33330323044975696
992,LBN,Lebanon,2016,8,0.06534617543463829
993,SAU,Saudi Arabia,2016,8,0.3454592116128227
994,YEM,Yemen,2016,8,1.8203564041777907
995,DZA,Algeria,2016,8,0.06032860698089848
996,EGY,Egypt,2016,8,0.10751495221313463
997,LBY,Libya,2016,8,0.18939384109534688
998,MAR,Morocco,2016,8,0.13171651622651223
999,SDN,Sudan,2016,8,0.09343527771102009
1000,TUN,Tunisia,2016,8,0.21108953453385165
1001,BHR,Bahrain,2016,9,0.08329199077788224
1002,IRN,Iran,2016,9,0.2092981929783116
1003,IRQ,Iraq,2016,9,1.3473979157331086
1004,JOR,Jordan,2016,9,0.5123035929444514
1005,KWT,Kuwait,2016,9,0.11996617386051094
1006,LBN,Lebanon,2016,9,0.10133557801333759
1007,SAU,Saudi Arabia,2016,9,0.366203223086034
1008,YEM,Yemen,2016,9,1.577860999591105
1009,DZA,Algeria,2016,9,0.2758562325270638
1010,EGY,Egypt,2016,9,0.1315174718362926
1011,LBY,Libya,2016,9,0.17897113293084435
1012,MAR,Morocco,2016,9,0.06744730830202919
1013,SDN,Sudan,2016,9,0.09509331499816764
1014,TUN,Tunisia,2016,9,0.05287206532492664
1015,BHR,Bahrain,2016,10,0.14042325931483285
1016,IRN,Iran,2016,10,0.1827649115153359
1017,IRQ,Iraq,2016,10,1.3923541763375642
1018,JOR,Jordan,2016,10,0.05409699216698363
1019,KWT,Kuwait,2016,10,0.24352576854381594
1020,LBN,Lebanon,2016,10,0.13516632385198446
1021,SAU,Saudi Arabia,2016,10,0.3618312399674599
1022,YEM,Yemen,2016,10,1.579752331808475
1023,DZA,Algeria,2016,10,0.12500541601254345
1024,EGY,Egypt,2016,10,0.1371200313986116
1025,LBY,Libya,2016,10,0.15937473330694332
1026,MAR,Morocco,2016,10,0.8715411604219804
1027,SDN,Sudan,2016,10,0.11020528462644215
1028,TUN,Tunisia,2016,10,0.0220421427585496
1029,BHR,Bahrain,2016,11,0.10682803596604834
1030,IRN,Iran,2016,11,0.16483036135344653
1031,IRQ,Iraq,2016,11,1.9487706236451743
1032,JOR,Jordan,2016,11,0.004291390625558333
1033,KWT,Kuwait,2016,11,0.0003901264205052879
1034,LBN,Lebanon,2016,11,0.09519751757421503
1035,SAU,Saudi Arabia,2016,11,0.36084602229606144
1036,YEM,Yemen,2016,11,1.414567832727786
1037,DZA,Algeria,2016,11,0.07083474703261958
1038,EGY,Egypt,2016,11,0.2085748300776275
1039,LBY,Libya,2016,11,0.19258129222519707
1040,MAR,Morocco,2016,11,0.33883372866445727
1041,SDN,Sudan,2016,11,0.14299664112319155
1042,TUN,Tunisia,2016,11,0.06831096303123049
1043,BHR,Bahrain,2016,12,0.16053052415055086
1044,IRN,Iran,2016,12,0.22404524941298004
1045,IRQ,Iraq,2016,12,1.5326086161666397
1046,JOR,Jordan,2016,12,0.10001025047713363
1047,KWT,Kuwait,2016,12,0.0003901264205052879
1048,LBN,Lebanon,2016,12,0.10377578465110303
1049,SAU,Saudi Arabia,2016,12,0.3287340878379756
1050,YEM,Yemen,2016,12,1.3988187270048793
1051,DZA,Algeria,2016,12,0.21912432651856384
1052,EGY,Egypt,2016,12,0.13002960583419748
1053,LBY,Libya,2016,12,0.1691979915631607
1054,MAR,Morocco,2016,12,0.13647262278743888
1055,SDN,Sudan,2016,12,0.0673943391422911
1056,TUN,Tunisia,2016,12,0.0545909883783369
1057,BHR,Bahrain,2017,1,0.3852653172038652
1058,IRN,Iran,2017,1,0.31065353465808887
1059,IRQ,Iraq,2017,1,1.098731798801162
1060,JOR,Jordan,2017,1,0.005169175071695287
1061,LBN,Lebanon,2017,1,0.1210659672286486
1062,SAU,Saudi Arabia,2017,1,0.23357004647714782
1063,SYR,Syria,2017,1,5.9666450918326195
1064,YEM,Yemen,2017,1,1.8892393730515362
1065,DZA,Algeria,2017,1,0.24900066419922617
1066,EGY,Egypt,2017,1,0.09047436298916463
1067,LBY,Libya,2017,1,0.20901137663036387
1068,MAR,Morocco,2017,1,0.2743751499308391
1069,SDN,Sudan,2017,1,0.33196684604620086
1070,TUN,Tunisia,2017,1,0.08741005755065337
1071,BHR,Bahrain,2017,2,0.2581177252593907
1072,IRN,Iran,2017,2,0.3349379909911948
1073,IRQ,Iraq,2017,2,0.7965396415355516
1074,JOR,Jordan,2017,2,0.049554817319470534
1075,LBN,Lebanon,2017,2,0.18013965201480073
1076,SAU,Saudi Arabia,2017,2,0.18516318750015748
1077,SYR,Syria,2017,2,5.241668117672228
1078,YEM,Yemen,2017,2,1.433956914909417
1079,DZA,Algeria,2017,2,0.08829400135546336
1080,EGY,Egypt,2017,2,0.11595912844529178
1081,LBY,Libya,2017,2,0.17269293075219
1082,MAR,Morocco,2017,2,0.07133792958208043
1083,SDN,Sudan,2017,2,0.25554444063416626
1084,TUN,Tunisia,2017,2,0.1504998463298341
1085,BHR,Bahrain,2017,3,0.2886915685575064
1086,IRN,Iran,2017,3,0.20255674708605165
1087,IRQ,Iraq,2017,3,1.2850760888405492
1088,JOR,Jordan,2017,3,0.04657360677570829
1089,LBN,Lebanon,2017,3,0.11351429426742174
1090,QAT,Qatar,2017,3,0.09335812472227255
1091,SAU,Saudi Arabia,2017,3,0.2540976579550848
1092,SYR,Syria,2017,3,4.978250334969182
1093,YEM,Yemen,2017,3,1.395690387553953
1094,DZA,Algeria,2017,3,0.024382901281581437
1095,EGY,Egypt,2017,3,0.23007014819963503
1096,LBY,Libya,2017,3,0.21423009817568528
1097,MAR,Morocco,2017,3,0.34994498874923907
1098,SDN,Sudan,2017,3,0.19871927743189852
1099,TUN,Tunisia,2017,3,0.04223118501969908
1100,BHR,Bahrain,2017,4,0.116160141705454
1101,IRN,Iran,2017,4,0.2889511962868706
1102,IRQ,Iraq,2017,4,0.8585790383208024
1103,JOR,Jordan,2017,4,0.051686598383762494
1104,LBN,Lebanon,2017,4,0.16335412605553043
1105,SAU,Saudi Arabia,2017,4,0.22038686528543286
1106,SYR,Syria,2017,4,5.908648824116556
1107,YEM,Yemen,2017,4,1.242350466758868
1108,DZA,Algeria,2017,4,0.07257048843455913
1109,EGY,Egypt,2017,4,0.256403220697626
1110,LBY,Libya,2017,4,0.14598977421826392
1111,MAR,Morocco,2017,4,0.0020481637076528447
1112,SDN,Sudan,2017,4,0.07295364063449168
1113,TUN,Tunisia,2017,4,0.11843052277381907
1114,ARE,United Arab Emirates,2017,5,0.0003901264205052879
1115,BHR,Bahrain,2017,5,0.5779463633222908
1116,IRN,Iran,2017,5,0.522140421539488
1117,IRQ,Iraq,2017,5,1.0139266625163201
1118,JOR,Jordan,2017,5,0.05743970114490929
1119,KWT,Kuwait,2017,5,0.0003901264205052879
1120,LBN,Lebanon,2017,5,0.09173222904286482
1121,SAU,Saudi Arabia,2017,5,1.1425946501527442
1122,SYR,Syria,2017,5,4.239310539642264
1123,YEM,Yemen,2017,5,1.2952097083591867
1124,DZA,Algeria,2017,5,0.09912740471382572
1125,EGY,Egypt,2017,5,0.1482886947706251
1126,LBY,Libya,2017,5,0.25209351023703674
1127,MAR,Morocco,2017,5,0.9384908266340475
1128,SDN,Sudan,2017,5,0.1322613600359201
1129,TUN,Tunisia,2017,5,0.37319794401755935
1130,BHR,Bahrain,2017,6,0.2000304231436805
1131,IRN,Iran,2017,6,0.28971399922056895
1132,IRQ,Iraq,2017,6,0.8322086188999244
1133,JOR,Jordan,2017,6,0.09210285122493614
1134,LBN,Lebanon,2017,6,0.0826450411754592
1135,OMN,Oman,2017,6,0.3284497467149172
1136,SAU,Saudi Arabia,2017,6,1.0516285221732673
1137,SYR,Syria,2017,6,4.942896351212791
1138,YEM,Yemen,2017,6,1.1677761305000927
1139,DZA,Algeria,2017,6,0.12980562796708744
1140,EGY,Egypt,2017,6,0.16976861621869344
1141,LBY,Libya,2017,6,0.29410054073212677
1142,MAR,Morocco,2017,6,1.5252359872127312
1143,SDN,Sudan,2017,6,0.1838430030078078
1144,TUN,Tunisia,2017,6,0.1087331523318954
1145,BHR,Bahrain,2017,7,0.15917811702729798
1146,IRN,Iran,2017,7,0.22255557182818203
1147,IRQ,Iraq,2017,7,0.8339257078950348
1148,JOR,Jordan,2017,7,0.47465945914048846
1149,KWT,Kuwait,2017,7,0.13265004084180673
1150,LBN,Lebanon,2017,7,0.1429162565514335
1151,SAU,Saudi Arabia,2017,7,0.5277237898563437
1152,SYR,Syria,2017,7,4.645573496427064
1153,YEM,Yemen,2017,7,1.2675948225551212
1154,DZA,Algeria,2017,7,0.08285458241480256
1155,EGY,Egypt,2017,7,0.23232449717696688
1156,LBY,Libya,2017,7,0.19383941671400812
1157,MAR,Morocco,2017,7,1.0913122933794623
1158,SDN,Sudan,2017,7,0.13842437886158354
1159,TUN,Tunisia,2017,7,0.07330308079494138
1160,BHR,Bahrain,2017,8,0.11089578590003812
1161,IRN,Iran,2017,8,0.26962478836634934
1162,IRQ,Iraq,2017,8,0.9216766875421882
1163,JOR,Jordan,2017,8,0.09669704698987633
1164,LBN,Lebanon,2017,8,0.1308049758967163
1165,SAU,Saudi Arabia,2017,8,0.3536962903230265
1166,SYR,Syria,2017,8,4.88388844443218
1167,YEM,Yemen,2017,8,1.3668581247283123
1168,DZA,Algeria,2017,8,0.19034911604725174
1169,EGY,Egypt,2017,8,0.15445900274531973
1170,LBY,Libya,2017,8,0.15078808898730872
1171,MAR,Morocco,2017,8,0.6599598100321132
1172,SDN,Sudan,2017,8,0.10673274269435287
1173,TUN,Tunisia,2017,8,0.08462589130519974
1174,BHR,Bahrain,2017,9,0.08041927882122582
1175,IRN,Iran,2017,9,0.18011738851471543
1176,IRQ,Iraq,2017,9,0.8685136286142836
1177,JOR,Jordan,2017,9,0.04693690873088868
1178,LBN,Lebanon,2017,9,0.024480432886707787
1179,SAU,Saudi Arabia,2017,9,0.28053445736702975
1180,SYR,Syria,2017,9,5.197520877745087
1181,YEM,Yemen,2017,9,1.3188114441609706
1182,DZA,Algeria,2017,9,0.3687506494941378
1183,EGY,Egypt,2017,9,0.15765898644286597
1184,LBY,Libya,2017,9,0.28290969223650086
1185,MAR,Morocco,2017,9,0.5194914518042955
1186,SDN,Sudan,2017,9,0.2663451372756423
1187,TUN,Tunisia,2017,9,0.09627857327996053
1188,BHR,Bahrain,2017,10,0.07305117223961799
1189,IRN,Iran,2017,10,0.23042538444725563
1190,IRQ,Iraq,2017,10,0.9620090731181058
1191,LBN,Lebanon,2017,10,0.16639207902845293
1192,SAU,Saudi Arabia,2017,10,0.22616924963564558
1193,SYR,Syria,2017,10,4.616354039782622
1194,YEM,Yemen,2017,10,1.4019770127425244
1195,DZA,Algeria,2017,10,0.2053051427768149
1196,EGY,Egypt,2017,10,0.17840701812702692
1197,LBY,Libya,2017,10,0.25179434839865633
1198,MAR,Morocco,2017,10,0.5195682164356297
1199,SDN,Sudan,2017,10,0.2634765461676732
1200,TUN,Tunisia,2017,10,0.05273186854291165
1201,BHR,Bahrain,2017,11,0.100689609941764
1202,IRN,Iran,2017,11,0.17543776943360315
1203,IRQ,Iraq,2017,11,0.7272894165109005
1204,JOR,Jordan,2017,11,0.04866367138091843
1205,LBN,Lebanon,2017,11,0.3701080677761123
1206,SAU,Saudi Arabia,2017,11,0.6367074234651428
1207,SYR,Syria,2017,11,4.469605228396391
1208,YEM,Yemen,2017,11,1.2632929602031502
1209,DZA,Algeria,2017,11,0.0815699442220795
1210,EGY,Egypt,2017,11,0.1688644823542446
1211,LBY,Libya,2017,11,0.19731476830007502
1212,MAR,Morocco,2017,11,0.22190936415668355
1213,SDN,Sudan,2017,11,0.05013124503493144
1214,TUN,Tunisia,2017,11,0.055750771165895496
1215,BHR,Bahrain,2017,12,0.14084030745868897
1216,IRN,Iran,2017,12,0.4526488387214757
1217,IRQ,Iraq,2017,12,0.8406089904907038
1218,JOR,Jordan,2017,12,0.29747123473297765
1219,KWT,Kuwait,2017,12,0.0003901264205052879
1220,LBN,Lebanon,2017,12,0.6329097367298595
1221,SAU,Saudi Arabia,2017,12,0.3281457050313713
1222,SYR,Syria,2017,12,3.345597181401786
1223,YEM,Yemen,2017,12,1.877877925487986
1224,DZA,Algeria,2017,12,0.3190032697548627
1225,EGY,Egypt,2017,12,0.2132630241501422
1226,LBY,Libya,2017,12,0.12896598590537067
1227,MAR,Morocco,2017,12,0.15217954890142027
1228,SDN,Sudan,2017,12,0.10350342237235202
1229,TUN,Tunisia,2017,12,0.20519633690547934
1230,BHR,Bahrain,2018,1,0.09363034092127273
1231,IRN,Iran,2018,1,1.5376283443227785
1232,IRQ,Iraq,2018,1,0.6165889930545942
1233,JOR,Jordan,2018,1,0.3725476448097914
1234,LBN,Lebanon,2018,1,0.12011577960520814
1235,OMN,Oman,2018,1,0.0007802528410106313
1236,SAU,Saudi Arabia,2018,1,0.6966159009410477
1237,SYR,Syria,2018,1,5.478098284030239
1238,YEM,Yemen,2018,1,2.0808995581343743
1239,DZA,Algeria,2018,1,0.3197503030663983
1240,EGY,Egypt,2018,1,0.2700209498245245
1241,LBY,Libya,2018,1,0.15185670918168923
1242,MAR,Morocco,2018,1,0.5864514266335308
1243,SDN,Sudan,2018,1,0.22961440915149497
1244,TUN,Tunisia,2018,1,1.0716889175702684
1245,BHR,Bahrain,2018,2,0.13260385424326188
1246,IRN,Iran,2018,2,0.36295195387568885
1247,IRQ,Iraq,2018,2,0.4502948442663097
1248,JOR,Jordan,2018,2,0.2110639018419587
1249,LBN,Lebanon,2018,2,0.204237155656334
1250,SAU,Saudi Arabia,2018,2,0.19018662999633523
1251,SYR,Syria,2018,2,4.869190362780592
1252,YEM,Yemen,2018,2,1.494273804574633
1253,DZA,Algeria,2018,2,0.24579356341049402
1254,EGY,Egypt,2018,2,0.20912087522792078
1255,LBY,Libya,2018,2,0.16029011614597308
1256,MAR,Morocco,2018,2,0.07647638318866973
1257,SDN,Sudan,2018,2,0.11300567934638353
1258,TUN,Tunisia,2018,2,0.08369748979363886
1259,BHR,Bahrain,2018,3,0.11322402963174803
1260,IRN,Iran,2018,3,0.2751151544182952
1261,IRQ,Iraq,2018,3,0.7671007451127829
1262,JOR,Jordan,2018,3,0.026236001778981638
1263,LBN,Lebanon,2018,3,0.3405979831597845
1264,SAU,Saudi Arabia,2018,3,0.39118222817662135
1265,SYR,Syria,2018,3,4.371658390766799
1266,YEM,Yemen,2018,3,1.988411548440363
1267,DZA,Algeria,2018,3,0.12049156817788789
1268,EGY,Egypt,2018,3,0.2766514272785248
1269,LBY,Libya,2018,3,0.21162598761451035
1270,MAR,Morocco,2018,3,0.2911820082111758
1271,SDN,Sudan,2018,3,0.1350515879605455
1272,TUN,Tunisia,2018,3,0.1499723667297657
1273,BHR,Bahrain,2018,4,0.11861603227366453
1274,IRN,Iran,2018,4,0.3188396265310875
1275,IRQ,Iraq,2018,4,0.6009336776249455
1276,JOR,Jordan,2018,4,0.1995927417041886
1277,LBN,Lebanon,2018,4,0.16187183523048165
1278,OMN,Oman,2018,4,0.0004876580256316376
1279,SAU,Saudi Arabia,2018,4,0.28104218810338066
1280,SYR,Syria,2018,4,3.408555304540499
1281,YEM,Yemen,2018,4,1.8018812775180137
1282,DZA,Algeria,2018,4,0.2350040154163772
1283,EGY,Egypt,2018,4,0.14639267898889854
1284,LBY,Libya,2018,4,0.1121897603478657
1285,MAR,Morocco,2018,4,0.07620365487833963
1286,SDN,Sudan,2018,4,0.09810745471288765
1287,TUN,Tunisia,2018,4,0.24960131683478795
1288,BHR,Bahrain,2018,5,0.09451434386718403
1289,IRN,Iran,2018,5,0.625621129091967
1290,IRQ,Iraq,2018,5,0.9844569984420254
1291,JOR,Jordan,2018,5,0.19764702170587625
1292,KWT,Kuwait,2018,5,0.0007802528410106313
1293,LBN,Lebanon,2018,5,0.41758276632255853
1294,SAU,Saudi Arabia,2018,5,0.4927135545741783
1295,SYR,Syria,2018,5,2.0844115044976714
1296,YEM,Yemen,2018,5,1.6304504359796197
1297,DZA,Algeria,2018,5,0.12894140883455713
1298,EGY,Egypt,2018,5,0.08971823832776338
1299,LBY,Libya,2018,5,0.19824202716700323
1300,MAR,Morocco,2018,5,0.07520535217499805
1301,SDN,Sudan,2018,5,0.20180120294332743
1302,TUN,Tunisia,2018,5,0.31879793194847816
1303,BHR,Bahrain,2018,6,0.10813188783564004
1304,IRN,Iran,2018,6,0.3191806172021071
1305,IRQ,Iraq,2018,6,0.51253135932256
1306,JOR,Jordan,2018,6,1.589165598762107
1307,LBN,Lebanon,2018,6,0.06054271532969749
1308,SAU,Saudi Arabia,2018,6,0.5499546003397681
1309,SYR,Syria,2018,6,2.4679659939096963
1310,YEM,Yemen,2018,6,1.9408488095518142
1311,DZA,Algeria,2018,6,0.12156384775054979
1312,EGY,Egypt,2018,6,0.06856298886959314
1313,LBY,Libya,2018,6,0.16613709477593663
1314,MAR,Morocco,2018,6,0.624424241096602
1315,SDN,Sudan,2018,6,0.198868223373121
1316,TUN,Tunisia,2018,6,0.17808391927985023
1317,ARE,United Arab Emirates,2018,7,0.17973667370236687
1318,BHR,Bahrain,2018,7,0.127765561175876
1319,IRN,Iran,2018,7,0.2790646574588074
1320,IRQ,Iraq,2018,7,1.3053499702230742
1321,JOR,Jordan,2018,7,0.14038150483233378
1322,LBN,Lebanon,2018,7,0.16389681650224047
1323,SAU,Saudi Arabia,2018,7,0.20672399816740858
1324,SYR,Syria,2018,7,2.3398493103142077
1325,YEM,Yemen,2018,7,1.9625967802772857
1326,DZA,Algeria,2018,7,0.0754778368410125
1327,EGY,Egypt,2018,7,0.09002150716590535
1328,LBY,Libya,2018,7,0.19791363511479398
1329,MAR,Morocco,2018,7,0.34747827787715935
1330,SDN,Sudan,2018,7,0.06671161790640684
1331,TUN,Tunisia,2018,7,0.17876349482750614
1332,BHR,Bahrain,2018,8,0.05704511865614631
1333,IRN,Iran,2018,8,0.4440174242728769
1334,IRQ,Iraq,2018,8,0.7338572648454798
1335,JOR,Jordan,2018,8,0.008680312856242989
1336,LBN,Lebanon,2018,8,0.0238952432559498
1337,SAU,Saudi Arabia,2018,8,0.7181831562093183
1338,SYR,Syria,2018,8,1.6468400127251421
1339,YEM,Yemen,2018,8,1.807673134960829
1340,DZA,Algeria,2018,8,0.2307105952140433
1341,EGY,Egypt,2018,8,0.11353978912054623
1342,LBY,Libya,2018,8,0.25544056690193223
1343,MAR,Morocco,2018,8,0.14057469475427406
1344,SDN,Sudan,2018,8,0.05440024332845578
1345,TUN,Tunisia,2018,8,0.28492763294787343
1346,BHR,Bahrain,2018,9,0.15285587030845418
1347,IRN,Iran,2018,9,0.26944267578796627
1348,IRQ,Iraq,2018,9,1.114215741213582
1349,JOR,Jordan,2018,9,0.012484045456169685
1350,KWT,Kuwait,2018,9,0.0011703792615158914
1351,LBN,Lebanon,2018,9,0.026821191409739598
1352,SAU,Saudi Arabia,2018,9,0.2099131667804676
1353,SYR,Syria,2018,9,2.092088883797305
1354,YEM,Yemen,2018,9,2.4486588777867353
1355,DZA,Algeria,2018,9,0.3325211028800698
1356,EGY,Egypt,2018,9,0.14277017377043594
1357,LBY,Libya,2018,9,0.22304510418224674
1358,MAR,Morocco,2018,9,0.07012668067544137
1359,SDN,Sudan,2018,9,0.05276459837334224
1360,TUN,Tunisia,2018,9,0.05543344259144495
1361,BHR,Bahrain,2018,10,0.20174203613778538
1362,IRN,Iran,2018,10,0.24833437258539798
1363,IRQ,Iraq,2018,10,0.6789849984501759
1364,JOR,Jordan,2018,10,0.13888979944992477
1365,LBN,Lebanon,2018,10,0.10972160053820418
1366,OMN,Oman,2018,10,0.0003901264205052879
1367,SAU,Saudi Arabia,2018,10,1.2011924426382268
1368,SYR,Syria,2018,10,1.563724152842129
1369,YEM,Yemen,2018,10,2.033218798448024
1370,DZA,Algeria,2018,10,0.3842260752605398
1371,EGY,Egypt,2018,10,0.10672921718363973
1372,LBY,Libya,2018,10,0.08465743324965079
1373,MAR,Morocco,2018,10,0.07488143023026705
1374,SDN,Sudan,2018,10,0.055105356896374094
1375,TUN,Tunisia,2018,10,0.10328311913161672
1376,ARE,United Arab Emirates,2018,11,0.35113821979693727
1377,BHR,Bahrain,2018,11,0.2682463932539107
1378,IRN,Iran,2018,11,0.2658204082445721
1379,IRQ,Iraq,2018,11,0.47414466242441106
1380,JOR,Jordan,2018,11,0.016580372871475374
1381,LBN,Lebanon,2018,11,0.18647563269644848
1382,SAU,Saudi Arabia,2018,11,0.6518518185745659
1383,SYR,Syria,2018,11,1.8693059591446102
1384,YEM,Yemen,2018,11,1.8017460379235906
1385,DZA,Algeria,2018,11,0.15546258730741938
1386,EGY,Egypt,2018,11,0.14221970672218393
1387,LBY,Libya,2018,11,0.12526760768107428
1388,MAR,Morocco,2018,11,0.14852526663821997
1389,SDN,Sudan,2018,11,0.11842918809458723
1390,TUN,Tunisia,2018,11,0.10537975307670613
1391,BHR,Bahrain,2018,12,0.2537077957400978
1392,IRN,Iran,2018,12,0.2772595688692384
1393,IRQ,Iraq,2018,12,0.4348581395915075
1394,JOR,Jordan,2018,12,0.22929837906147563
1395,LBN,Lebanon,2018,12,0.1173515484785245
1396,SAU,Saudi Arabia,2018,12,0.3597975634988886
1397,SYR,Syria,2018,12,2.267487825193852
1398,YEM,Yemen,2018,12,2.2015889998029703
1399,DZA,Algeria,2018,12,0.31399851504214693
1400,EGY,Egypt,2018,12,0.28563254421881273
1401,LBY,Libya,2018,12,0.3408819371047282
1402,MAR,Morocco,2018,12,0.8285726945124938
1403,SDN,Sudan,2018,12,1.2502046198671324
1404,TUN,Tunisia,2018,12,0.28873168271521976
1405,BHR,Bahrain,2019,1,0.20464695479973968
1406,IRN,Iran,2019,1,0.374808634227334
1407,IRQ,Iraq,2019,1,0.5967046892680911
1408,JOR,Jordan,2019,1,0.008680312856242989
1409,KWT,Kuwait,2019,1,0.0012679108666422412
1410,LBN,Lebanon,2019,1,0.25793422902900376
1411,OMN,Oman,2019,1,0.9187093134017267
1412,SAU,Saudi Arabia,2019,1,0.4013275803458802
1413,SYR,Syria,2019,1,2.699962485693432
1414,YEM,Yemen,2019,1,2.2400510418564674
1415,DZA,Algeria,2019,1,0.07540975452131499
1416,EGY,Egypt,2019,1,0.26772673950862913
1417,LBY,Libya,2019,1,0.15931433333081152
1418,MAR,Morocco,2019,1,0.23074195189693988
1419,SDN,Sudan,2019,1,2.2554200918981766
1420,TUN,Tunisia,2019,1,0.270376562202157
1421,BHR,Bahrain,2019,2,0.13878053810538898
1422,IRN,Iran,2019,2,0.21341921316528858
1423,IRQ,Iraq,2019,2,0.48832968463844456
1424,JOR,Jordan,2019,2,0.15426457775324465
1425,LBN,Lebanon,2019,2,0.026138470173855288
1426,SAU,Saudi Arabia,2019,2,0.485933614352322
1427,SYR,Syria,2019,2,2.0553106232066383
1428,YEM,Yemen,2019,2,1.86039277567432
1429,DZA,Algeria,2019,2,1.4975703911628804
1430,EGY,Egypt,2019,2,0.14325451214814433
1431,LBY,Libya,2019,2,0.1695370625892223
1432,MAR,Morocco,2019,2,0.2979395043471953
1433,SDN,Sudan,2019,2,1.4015036284923854
1434,TUN,Tunisia,2019,2,0.15223767894535756
1435,BHR,Bahrain,2019,3,0.09033903511869659
1436,IRN,Iran,2019,3,0.21396469337421378
1437,IRQ,Iraq,2019,3,0.43348707225843097
1438,JOR,Jordan,2019,3,0.28573505793336496
1439,KWT,Kuwait,2019,3,0.0011703792615158914
1440,LBN,Lebanon,2019,3,0.040183021312046235
1441,SAU,Saudi Arabia,2019,3,0.5524037987321281
1442,SYR,Syria,2019,3,2.504272598608568
1443,YEM,Yemen,2019,3,2.1940918916890673
1444,DZA,Algeria,2019,3,7.55071287239733
1445,EGY,Egypt,2019,3,0.2143971228571576
1446,LBY,Libya,2019,3,0.22744426171913293
1447,MAR,Morocco,2019,3,0.12049863523780928
1448,SDN,Sudan,2019,3,0.7335052933595461
1449,TUN,Tunisia,2019,3,0.2786948350994594
1450,BHR,Bahrain,2019,4,0.15667964290019734
1451,IRN,Iran,2019,4,0.23079497688031636
1452,IRQ,Iraq,2019,4,0.5565975238277489
1453,JOR,Jordan,2019,4,0.02555328054309733
1454,KWT,Kuwait,2019,4,0.0007802528410106313
1455,LBN,Lebanon,2019,4,0.31576337295733947
1456,QAT,Qatar,2019,4,0.0004876580256316376
1457,SAU,Saudi Arabia,2019,4,0.6210865038855716
1458,SYR,Syria,2019,4,2.612187619711808
1459,YEM,Yemen,2019,4,1.9570021435934781
1460,DZA,Algeria,2019,4,5.193567544961237
1461,EGY,Egypt,2019,4,0.27786192596927883
1462,LBY,Libya,2019,4,0.4965977665765354
1463,MAR,Morocco,2019,4,0.4334106036851203
1464,SDN,Sudan,2019,4,7.0966639511986145
1465,TUN,Tunisia,2019,4,0.36924872491891997
1466,ARE,United Arab Emirates,2019,5,0.2928536068876915
1467,BHR,Bahrain,2019,5,0.058406255936252066
1468,IRN,Iran,2019,5,0.3237664822289864
1469,IRQ,Iraq,2019,5,0.48328547661927856
1470,JOR,Jordan,2019,5,0.02057916868165474
1471,KWT,Kuwait,2019,5,0.0007802528410106313
1472,LBN,Lebanon,2019,5,0.2511033324381043
1473,SAU,Saudi Arabia,2019,5,0.24968868939404
1474,SYR,Syria,2019,5,3.5290703713426974
1475,YEM,Yemen,2019,5,1.8467618036052404
1476,DZA,Algeria,2019,5,1.4019441200653706
1477,EGY,Egypt,2019,5,0.15307367024637514
1478,LBY,Libya,2019,5,0.15626483104880073
1479,MAR,Morocco,2019,5,0.17122552802303376
1480,SDN,Sudan,2019,5,3.238637480421366
1481,TUN,Tunisia,2019,5,0.14565482844210453
1482,BHR,Bahrain,2019,6,0.33449533739434545
1483,IRN,Iran,2019,6,0.24543966388912383
1484,IRQ,Iraq,2019,6,0.6934646289123646
1485,JOR,Jordan,2019,6,0.060940261267276086
1486,KWT,Kuwait,2019,6,0.0007802528410106313
1487,LBN,Lebanon,2019,6,0.2910359380402323
1488,OMN,Oman,2019,6,0.0
1489,SAU,Saudi Arabia,2019,6,0.6811677081277635
1490,SYR,Syria,2019,6,2.615225589553571
1491,YEM,Yemen,2019,6,2.000047888356109
1492,DZA,Algeria,2019,6,1.6429354852768148
1493,EGY,Egypt,2019,6,0.2993458070984726
1494,LBY,Libya,2019,6,0.18145405652571764
1495,MAR,Morocco,2019,6,0.015312462004833133
1496,SDN,Sudan,2019,6,5.503143376033556
1497,TUN,Tunisia,2019,6,0.27863796496174814
1498,BHR,Bahrain,2019,7,0.1967627904861379
1499,IRN,Iran,2019,7,0.33103432119140114
1500,IRQ,Iraq,2019,7,0.5528573322507924
1501,JOR,Jordan,2019,7,0.00994822372288523
1502,KWT,Kuwait,2019,7,0.4930695978847661
1503,LBN,Lebanon,2019,7,0.08772272855840638
1504,SAU,Saudi Arabia,2019,7,0.2523955645132287
1505,SYR,Syria,2019,7,3.118697980394898
1506,YEM,Yemen,2019,7,1.9019023733226141
1507,DZA,Algeria,2019,7,1.267411974657882
1508,EGY,Egypt,2019,7,0.11286921913891194
1509,LBY,Libya,2019,7,0.3650226731685784
1510,MAR,Morocco,2019,7,0.16612734939157497
1511,SDN,Sudan,2019,7,3.3393158400005283
1512,TUN,Tunisia,2019,7,0.36031683379448454
1513,DZA,Algeria,2001,1,0.10024022539599585
1514,EGY,Egypt,2000,4,0.0038531010219558515
1515,EGY,Egypt,2000,7,0.019512632504209537
1516,EGY,Egypt,2000,8,0.0
1517,EGY,Egypt,2000,9,0.003924524790420242
1518,EGY,Egypt,2001,1,0.0396526001389296
1519,EGY,Egypt,2001,8,0.027157073035812995
1520,EGY,Egypt,2001,11,0.011554083122736897
1521,EGY,Egypt,2001,12,0.0077048096818196354
1522,EGY,Egypt,2002,9,0.023865811040407303
1523,EGY,Egypt,2002,10,0.031890117272918156
1524,EGY,Egypt,2003,1,0.01991720427610194
1525,EGY,Egypt,2003,2,0.011949950471283555
1526,EGY,Egypt,2003,5,0.003969273870795043
1527,EGY,Egypt,2003,6,0.0
1528,EGY,Egypt,2003,7,0.015918521670120256
1529,EGY,Egypt,2003,10,0.0
1530,EGY,Egypt,2003,11,0.004063146678599944
1531,EGY,Egypt,2003,12,0.016365574626547752
1532,EGY,Egypt,2004,1,0.008263525029033408
1533,EGY,Egypt,2004,2,0.004150142434787035
1534,EGY,Egypt,2004,3,0.004191084035012255
1535,EGY,Egypt,2004,4,0.0
1536,EGY,Egypt,2004,5,0.0
1537,EGY,Egypt,2004,6,0.0
1538,EGY,Egypt,2004,7,0.0
1539,EGY,Egypt,2004,8,0.004287439674100307
1540,EGY,Egypt,2004,9,0.0043181198044209
1541,EGY,Egypt,2004,12,0.030164221875691705
1542,EGY,Egypt,2005,9,0.19528352817885605
1543,EGY,Egypt,2006,1,0.013030504931723558
1544,EGY,Egypt,2006,2,0.02592753464002695
1545,EGY,Egypt,2006,3,0.004305856805628394
1546,EGY,Egypt,2006,8,0.012800116417238633
1547,EGY,Egypt,2006,9,0.0
1548,EGY,Egypt,2006,10,0.004283635284263981
1549,EGY,Egypt,2006,11,0.01284907732321705
1550,EGY,Egypt,2007,1,0.008568489935247142
1551,EGY,Egypt,2007,9,0.0
1552,EGY,Egypt,2007,10,0.021770542878902593
1553,EGY,Egypt,2007,11,0.0
1554,LBY,Libya,2000,2,0.052906747944690996
1555,LBY,Libya,2000,3,0.1374705050847935
1556,LBY,Libya,2000,4,0.0744333610295713
1557,LBY,Libya,2000,5,0.06386085184175064
1558,LBY,Libya,2000,6,0.13909008425735225
1559,LBY,Libya,2000,8,0.11875963578625609
1560,LBY,Libya,2000,10,0.1739173399075436
1561,LBY,Libya,2000,11,0.21733059788466969
1562,LBY,Libya,2000,12,0.14254603367557525
1563,LBY,Libya,2001,1,0.17508576880708165
1564,LBY,Libya,2001,3,0.15259934899299188
1565,LBY,Libya,2001,4,0.043281114849992
1566,LBY,Libya,2001,5,0.06488388910807144
1567,LBY,Libya,2001,6,0.107861877064342
1568,LBY,Libya,2001,7,0.05362009148662314
1569,LBY,Libya,2001,8,0.08565132811262413
1570,LBY,Libya,2001,9,0.03193174958654385
1571,LBY,Libya,2001,10,0.03178930570306554
1572,LBY,Libya,2001,11,0.0212570709877532
1573,LBY,Libya,2001,12,0.05315708025479354
1574,LBY,Libya,2002,1,0.0745669906105823
1575,LBY,Libya,2002,2,0.06393264810848284
1576,LBY,Libya,2002,5,0.1085379334687242
1577,LBY,Libya,2002,6,0.0761709185201925
1578,LBY,Libya,2002,7,0.08739896957148743
1579,LBY,Libya,2002,10,0.22001653424500084
1580,LBY,Libya,2002,11,0.1208302540835939
1581,LBY,Libya,2002,12,0.1321519856945686
1582,LBY,Libya,2003,1,0.13191640690462714
1583,LBY,Libya,2003,2,0.0769488413484887
1584,LBY,Libya,2003,3,0.054610203117056444
1585,LBY,Libya,2003,4,0.0657736237039433
1586,LBY,Libya,2003,5,0.05476968761498985
1587,LBY,Libya,2003,6,0.032899836736491106
1588,LBY,Libya,2003,7,0.032947554926096856
1589,LBY,Libya,2003,10,0.02221406802521414
1590,LBY,Libya,2003,11,0.0
1591,LBY,Libya,2003,12,0.0225818988337102
1592,LBY,Libya,2004,1,0.0456094186666095
1593,LBY,Libya,2004,4,0.0464781873687381
1594,LBY,Libya,2004,7,0.011812526405086593
1595,LBY,Libya,2004,8,0.011831974273498802
1596,LBY,Libya,2004,9,0.035749925120414305
1597,LBY,Libya,2004,10,0.0
1598,LBY,Libya,2004,11,0.011901777666514096
1599,LBY,Libya,2004,12,0.023783911301208355
1600,LBY,Libya,2005,1,0.0
1601,LBY,Libya,2005,2,0.0
1602,LBY,Libya,2005,3,0.011964345629084355
1603,LBY,Libya,2005,4,0.0
1604,LBY,Libya,2005,7,0.0
1605,LBY,Libya,2005,8,0.07195860494345524
1606,LBY,Libya,2005,9,0.04790405581749599
1607,LBY,Libya,2006,3,0.0712967983069136
1608,LBY,Libya,2006,4,0.059327884109771745
1609,LBY,Libya,2006,5,0.18932269206708585
1610,LBY,Libya,2006,6,0.03543402246036301
1611,LBY,Libya,2006,7,0.023592885044834838
1612,LBY,Libya,2006,8,0.011774754450108782
1613,LBY,Libya,2006,9,0.07077954200357009
1614,LBY,Libya,2006,11,0.07091875985795795
1615,LBY,Libya,2006,12,0.05909723531923458
1616,LBY,Libya,2007,1,0.011823157896425851
1617,LBY,Libya,2007,2,0.059362050395131344
1618,LBY,Libya,2007,3,0.0
1619,LBY,Libya,2007,4,0.023755105352872757
1620,LBY,Libya,2007,5,0.0
1621,LBY,Libya,2007,6,0.059521178530660745
1622,LBY,Libya,2007,8,0.012015550355144039
1623,LBY,Libya,2007,9,0.0
1624,LBY,Libya,2007,10,0.024031918612809955
1625,LBY,Libya,2007,11,0.035981441504933986
1626,LBY,Libya,2007,12,0.0721479366384628
1627,LBY,Libya,2008,1,0.024050745749124303
1628,LBY,Libya,2008,2,0.0
1629,LBY,Libya,2008,4,0.012211297676648886
1630,LBY,Libya,2008,7,0.024884805840919844
1631,LBY,Libya,2008,8,0.0
1632,LBY,Libya,2008,9,0.0125681424811315
1633,LBY,Libya,2008,10,0.0
1634,LBY,Libya,2008,12,0.0
1635,LBY,Libya,2009,1,0.0
1636,LBY,Libya,2009,2,0.02587894400118934
1637,LBY,Libya,2009,4,0.0
1638,LBY,Libya,2009,7,0.0
1639,LBY,Libya,2009,9,0.3693029808957471
1640,LBY,Libya,2009,11,0.03964741989317069
1641,LBY,Libya,2009,12,0.0132198893066994
1642,LBY,Libya,2010,2,0.0
1643,LBY,Libya,2010,3,0.026696566481684336
1644,LBY,Libya,2010,7,0.06600367485989556
1645,LBY,Libya,2010,8,0.03952056116825045
1646,LBY,Libya,2010,9,0.052555581934105505
1647,LBY,Libya,2010,11,0.0
1648,LBY,Libya,2010,12,0.0393122619403497
1649,MAR,Morocco,2000,1,0.12545024428606083
1650,MAR,Morocco,2000,4,0.06254730012697074
1651,MAR,Morocco,2000,8,0.06350605715480345
1652,MAR,Morocco,2001,1,0.3218398722966045
1653,MAR,Morocco,2001,3,0.25646234829710496
1654,MAR,Morocco,2001,5,0.0
1655,MAR,Morocco,2001,7,0.0
1656,MAR,Morocco,2001,8,0.12595432599516443
1657,MAR,Morocco,2001,9,0.0
1658,MAR,Morocco,2001,12,0.12507199807217584
1659,MAR,Morocco,2002,2,0.18803196118573975
1660,MAR,Morocco,2002,7,0.7068837344606618
1661,MAR,Morocco,2002,9,0.5165508811082928
1662,MAR,Morocco,2003,4,0.0
1663,MAR,Morocco,2003,6,0.19352305925936525
1664,MAR,Morocco,2003,10,0.0
1665,MAR,Morocco,2003,11,0.0
1666,MAR,Morocco,2003,12,0.0
1667,MAR,Morocco,2004,3,0.0
1668,MAR,Morocco,2004,4,0.0
1669,MAR,Morocco,2004,5,0.0687619556302986
1670,MAR,Morocco,2004,6,0.0
1671,MAR,Morocco,2004,9,0.0
1672,MAR,Morocco,2004,10,0.07014062617812794
1673,MAR,Morocco,2004,12,0.06995073126089549
1674,MAR,Morocco,2005,2,0.0
1675,MAR,Morocco,2005,4,0.0
1676,MAR,Morocco,2005,9,0.1408903561890745
1677,MAR,Morocco,2006,1,0.0
1678,MAR,Morocco,2006,6,0.13895307917619965
1679,MAR,Morocco,2006,9,0.06938977443979749
1680,MAR,Morocco,2007,10,0.21204043262005023
1681,MAR,Morocco,2007,11,0.0
1682,MAR,Morocco,2008,2,0.0
1683,MAR,Morocco,2008,4,0.143658322856706
1684,MAR,Morocco,2008,9,0.0
1685,MAR,Morocco,2009,1,0.0
1686,MAR,Morocco,2009,6,0.0767102171817724
1687,MAR,Morocco,2009,7,0.0
1688,MAR,Morocco,2009,8,0.0
1689,MAR,Morocco,2009,9,0.0
1690,MAR,Morocco,2009,10,0.0
1691,MAR,Morocco,2009,12,0.0
1692,MAR,Morocco,2010,1,0.0
1693,MAR,Morocco,2010,2,0.0
1694,MAR,Morocco,2010,4,0.0
1695,MAR,Morocco,2010,5,0.0
1696,MAR,Morocco,2012,7,0.278331472186438
1697,TUN,Tunisia,2000,1,0.0
1698,TUN,Tunisia,2000,3,0.019061934035690203
1699,TUN,Tunisia,2000,4,0.038335432904323036
1700,TUN,Tunisia,2000,5,0.03837198260275204
1701,TUN,Tunisia,2000,6,0.019286508109480488
1702,TUN,Tunisia,2000,7,0.038827178934028095
1703,TUN,Tunisia,2000,8,0.05838458705972879
1704,TUN,Tunisia,2000,9,0.0
1705,TUN,Tunisia,2000,11,0.019588070814671094
1706,TUN,Tunisia,2000,12,0.019765716939041444
1707,TUN,Tunisia,2001,1,0.0
1708,TUN,Tunisia,2001,4,0.11702818897173284
1709,TUN,Tunisia,2001,5,0.058480040406212186
1710,TUN,Tunisia,2001,6,0.03888649102711045
1711,TUN,Tunisia,2001,7,0.11598707142229345
1712,TUN,Tunisia,2001,8,0.019299448590886392
1713,TUN,Tunisia,2001,9,0.01918678665055365
1714,TUN,Tunisia,2001,10,0.0
1715,TUN,Tunisia,2001,11,0.07663624282514739
1716,TUN,Tunisia,2001,12,0.0
1717,TUN,Tunisia,2002,1,0.01920212809074684
1718,TUN,Tunisia,2002,2,0.019207561363617093
1719,TUN,Tunisia,2002,3,0.019439236658181785
1720,TUN,Tunisia,2002,5,0.019565111839352306
1721,TUN,Tunisia,2002,6,0.0392303275816257
1722,TUN,Tunisia,2002,7,0.01969323718977764
1723,TUN,Tunisia,2002,8,0.0
1724,TUN,Tunisia,2002,9,0.05936167989324945
1725,TUN,Tunisia,2002,10,0.0
1726,TUN,Tunisia,2002,11,0.05940254398969089
1727,TUN,Tunisia,2003,1,0.0
1728,TUN,Tunisia,2003,4,0.0
1729,TUN,Tunisia,2003,5,0.019745632321301693
1730,TUN,Tunisia,2003,6,0.01976847985075994
1731,TUN,Tunisia,2003,7,0.0
1732,TUN,Tunisia,2003,9,0.019877072003921553
1733,TUN,Tunisia,2003,10,0.0
1734,TUN,Tunisia,2003,11,0.0
1735,TUN,Tunisia,2003,12,0.0
1736,TUN,Tunisia,2004,2,0.0
1737,TUN,Tunisia,2004,5,0.0
1738,TUN,Tunisia,2004,6,0.0
1739,TUN,Tunisia,2004,7,0.0
1740,TUN,Tunisia,2004,8,0.0
1741,TUN,Tunisia,2004,9,0.0
1742,TUN,Tunisia,2004,11,0.0
1743,TUN,Tunisia,2005,1,0.0
1744,TUN,Tunisia,2005,2,0.0
1745,TUN,Tunisia,2005,4,0.021591420782722637
1746,TUN,Tunisia,2005,5,0.0
1747,TUN,Tunisia,2005,6,0.0
1748,TUN,Tunisia,2005,7,0.0
1749,TUN,Tunisia,2005,8,0.0
1750,TUN,Tunisia,2005,9,0.0
1751,TUN,Tunisia,2005,10,0.0
1752,TUN,Tunisia,2005,12,0.0
1753,TUN,Tunisia,2006,1,0.021607273581854353
1754,TUN,Tunisia,2006,2,0.0
1755,TUN,Tunisia,2006,3,0.0
1756,TUN,Tunisia,2006,4,0.0
1757,TUN,Tunisia,2006,5,0.0
1758,TUN,Tunisia,2006,6,0.0
1759,TUN,Tunisia,2006,7,0.0
1760,TUN,Tunisia,2006,8,0.0
1761,TUN,Tunisia,2006,9,0.0
1762,TUN,Tunisia,2006,10,0.0
1763,TUN,Tunisia,2006,11,0.0
1764,TUN,Tunisia,2007,2,0.0
1765,TUN,Tunisia,2007,3,0.0
1766,TUN,Tunisia,2007,4,0.0
1767,TUN,Tunisia,2007,5,0.0
1768,TUN,Tunisia,2007,6,0.0
1769,TUN,Tunisia,2007,7,0.0
1770,TUN,Tunisia,2007,8,0.021659301867720138
1771,TUN,Tunisia,2007,9,0.02168716518665864
1772,TUN,Tunisia,2007,10,0.043320078091345554
1773,TUN,Tunisia,2007,11,0.0
1774,TUN,Tunisia,2007,12,0.0
1775,TUN,Tunisia,2008,8,0.0
1776,TUN,Tunisia,2008,9,0.0
1777,TUN,Tunisia,2008,10,0.0
1778,TUN,Tunisia,2008,11,0.0
1779,TUN,Tunisia,2008,12,0.0
1780,TUN,Tunisia,2009,2,0.0
1781,TUN,Tunisia,2009,3,0.0
1782,TUN,Tunisia,2009,4,0.0
1783,TUN,Tunisia,2009,5,0.023464518205896734
1784,TUN,Tunisia,2009,6,0.0
1785,TUN,Tunisia,2009,7,0.04708223404856385
1786,TUN,Tunisia,2009,8,0.0
1787,TUN,Tunisia,2009,9,0.0
1788,TUN,Tunisia,2009,10,0.07137916110073089
1789,TUN,Tunisia,2009,11,0.02382289090278189
1790,TUN,Tunisia,2009,12,0.0
1791,TUN,Tunisia,2010,1,0.0
1792,TUN,Tunisia,2010,3,0.0
1793,TUN,Tunisia,2010,4,0.0
1794,TUN,Tunisia,2010,5,0.023940402317877335
1795,TUN,Tunisia,2010,6,0.0
1796,TUN,Tunisia,2010,7,0.02379572264132379
1797,TUN,Tunisia,2010,9,0.0
1798,TUN,Tunisia,2010,10,0.0236581668024686
1799,TUN,Tunisia,2010,11,0.0
1800,SAU,Saudi Arabia,2015,2,0.3247653611718252
1801,JOR,Jordan,2017,10,0.09307195146648639
1802,KWT,Kuwait,2016,4,0.11902808102205939
1803,KWT,Kuwait,2016,8,0.1186350274846342
1804,KWT,Kuwait,2017,1,0.0
1805,KWT,Kuwait,2017,2,0.12542394195237805
1806,KWT,Kuwait,2017,3,0.0
1807,KWT,Kuwait,2017,4,0.1278866930643276
1808,KWT,Kuwait,2017,6,0.0
1809,KWT,Kuwait,2017,8,0.0
1810,KWT,Kuwait,2017,9,0.13269718090107813
1811,KWT,Kuwait,2017,10,0.0
1812,KWT,Kuwait,2017,11,0.1320589661037994
1813,KWT,Kuwait,2018,1,0.2616252849984007
1814,KWT,Kuwait,2018,2,0.0
1815,KWT,Kuwait,2018,3,0.0
1816,KWT,Kuwait,2018,4,0.12807110654533585
1817,KWT,Kuwait,2018,6,0.0
1818,KWT,Kuwait,2018,7,0.8741230984331939
1819,KWT,Kuwait,2018,8,0.12413105471475304
1820,KWT,Kuwait,2018,10,0.24598756480652728
1821,KWT,Kuwait,2018,11,0.0
1822,KWT,Kuwait,2018,12,0.1227306152039375
1823,KWT,Kuwait,2019,2,0.0
1824,OMN,Oman,2016,1,0.3001078562839268
1825,OMN,Oman,2016,4,0.0
1826,OMN,Oman,2016,5,0.0
1827,OMN,Oman,2016,6,0.0
1828,OMN,Oman,2016,8,0.0
1829,OMN,Oman,2016,9,0.0
1830,OMN,Oman,2016,10,0.0
1831,OMN,Oman,2016,11,0.0
1832,OMN,Oman,2016,12,0.0
1833,OMN,Oman,2017,1,0.0
1834,OMN,Oman,2017,2,0.0
1835,OMN,Oman,2017,3,0.0
1836,OMN,Oman,2017,4,0.0
1837,OMN,Oman,2017,5,0.0
1838,OMN,Oman,2017,7,0.0
1839,OMN,Oman,2017,8,0.0
1840,OMN,Oman,2017,9,0.0
1841,OMN,Oman,2017,10,0.0
1842,OMN,Oman,2017,11,0.0
1843,OMN,Oman,2017,12,0.0
1844,OMN,Oman,2018,2,0.3247286953330068
1845,OMN,Oman,2018,3,0.0
1846,OMN,Oman,2018,5,0.0
1847,OMN,Oman,2018,6,0.0
1848,OMN,Oman,2018,7,0.0
1849,OMN,Oman,2018,8,0.0
1850,OMN,Oman,2018,9,0.0
1851,OMN,Oman,2018,11,0.0
1852,OMN,Oman,2018,12,0.0
1853,OMN,Oman,2019,2,0.0
1854,OMN,Oman,2019,3,0.0
1855,OMN,Oman,2019,4,0.0
1856,OMN,Oman,2019,5,0.0
1857,OMN,Oman,2019,7,0.9216073472867671
1858,QAT,Qatar,2017,1,0.0
1859,QAT,Qatar,2017,2,0.0
1860,QAT,Qatar,2017,4,0.0
1861,QAT,Qatar,2017,5,0.0957019218682126
1862,QAT,Qatar,2017,6,3.00646006739611
1863,QAT,Qatar,2017,7,0.9741457556612941
1864,QAT,Qatar,2017,8,0.39125970309752367
1865,QAT,Qatar,2017,9,0.6861804987019213
1866,QAT,Qatar,2017,10,0.09800302728089695
1867,QAT,Qatar,2017,11,0.09755432482098045
1868,QAT,Qatar,2017,12,0.0
1869,QAT,Qatar,2018,1,0.09663364323954535
1870,QAT,Qatar,2018,2,0.0960264270628865
1871,QAT,Qatar,2018,3,0.0
1872,QAT,Qatar,2018,4,0.283825264502354
1873,QAT,Qatar,2018,5,0.09378941600320094
1874,QAT,Qatar,2018,6,0.09289181087840179
1875,QAT,Qatar,2018,7,0.18449439929096745
1876,QAT,Qatar,2018,8,0.09169783460591174
1877,QAT,Qatar,2018,9,0.09115311718880195
1878,QAT,Qatar,2018,10,0.09085771116894845
1879,QAT,Qatar,2018,11,0.3629871311690168
1880,QAT,Qatar,2018,12,0.1813266096854476
1881,QAT,Qatar,2019,1,0.8139839823476592
1882,QAT,Qatar,2019,2,0.1808443892493824
1883,QAT,Qatar,2019,3,0.18059039022019818
1884,QAT,Qatar,2019,5,0.0
1885,QAT,Qatar,2019,6,0.3630003826361019
1886,QAT,Qatar,2019,7,0.45421845983407894
1887,ARE,United Arab Emirates,2017,1,0.1179527990017025
1888,ARE,United Arab Emirates,2017,2,0.17905776812759533
1889,ARE,United Arab Emirates,2017,3,0.0
1890,ARE,United Arab Emirates,2017,4,0.0
1891,ARE,United Arab Emirates,2017,6,0.3123752248462638
1892,ARE,United Arab Emirates,2017,7,0.18825998892497725
1893,ARE,United Arab Emirates,2017,8,0.25204492224378827
1894,ARE,United Arab Emirates,2017,9,0.06314706394730815
1895,ARE,United Arab Emirates,2017,10,0.1893972100508834
1896,ARE,United Arab Emirates,2017,11,0.0
1897,ARE,United Arab Emirates,2017,12,0.3124835911056906
1898,ARE,United Arab Emirates,2018,1,0.12450052435057035
1899,ARE,United Arab Emirates,2018,2,0.0
1900,ARE,United Arab Emirates,2018,3,0.36849430336278777
1901,ARE,United Arab Emirates,2018,4,0.12189127606033609
1902,ARE,United Arab Emirates,2018,5,0.18125413281769664
1903,ARE,United Arab Emirates,2018,6,0.1795194526646328
1904,ARE,United Arab Emirates,2018,8,0.11814134402392
1905,ARE,United Arab Emirates,2018,9,0.11743954285220025
1906,ARE,United Arab Emirates,2018,10,0.23411789729971805
1907,ARE,United Arab Emirates,2018,12,0.5256381604005342
1908,ARE,United Arab Emirates,2019,1,0.11652421249977385
1909,ARE,United Arab Emirates,2019,2,0.1164978393270017
1910,ARE,United Arab Emirates,2019,3,0.23266843224935824
1911,ARE,United Arab Emirates,2019,4,0.582079851162854
1912,ARE,United Arab Emirates,2019,6,0.292300748363729
1913,ARE,United Arab Emirates,2019,7,0.1170408866379349
