,iso3,country,year,unrest_index
0,AGO,Angola,2000,0.10395675711446743
1,BDI,Burundi,2000,0.1984947940124865
2,BEN,Benin,2000,7.007061007983928e-05
3,BFA,Burkina Faso,2000,0.0017938076180441936
4,BWA,Botswana,2000,5.605648806387975e-05
5,CAF,Central African Republic,2000,0.0009249320530540367
6,CIV,Ivory Coast,2000,0.1265252970774528
7,CMR,Cameroon,2000,0.0005045083925749178
8,COG,Republic of Congo,2000,0.0021721889124753785
9,DJI,Djibouti,2000,0.046876007921704155
10,DZA,Algeria,2000,0.09330479416061364
11,EGY,Egypt,2000,0.006278326663154671
12,ERI,Eritrea,2000,0.021805973856849722
13,ETH,Ethiopia,2000,0.0557061350134818
14,GAB,Gabon,2000,0.0001121129761277595
15,GHA,Ghana,2000,0.0024104289867468848
16,GIN,Guinea,2000,0.08845574391352572
17,GMB,Gambia,2000,0.0013313415915171684
18,GNB,Guinea-Bissau,2000,0.0018778923501400063
19,GNQ,Equatorial Guinea,2000,0.0001261270981437329
20,KEN,Kenya,2000,0.03436262718315908
21,LBR,Liberia,2000,0.024132318111500795
22,LBY,Libya,2000,0.0003503530503992519
23,LSO,Lesotho,2000,0.0001121129761277595
24,MAR,Morocco,2000,0.007175066442614564
25,MDG,Madagascar,2000,0.0006166213687026911
26,MLI,Mali,2000,0.00026626831830342534
27,MOZ,Mozambique,2000,0.014737106199490757
28,MRT,Mauritania,2000,0.000224225952255519
29,MWI,Malawi,2000,0.0011771862493415025
30,NAM,Namibia,2000,0.011673763639303225
31,NER,Niger,2000,0.0006586637347505975
32,NGA,Nigeria,2000,0.08248605599384674
33,RWA,Rwanda,2000,0.00920711413493025
34,SDN,Sudan,2000,0.06616067003739562
35,SEN,Senegal,2000,0.06279605053184638
36,SLE,Sierra Leone,2000,0.15115418767994687
37,SOM,Somalia,2000,0.021651818514674057
38,SWZ,eSwatini,2000,0.0003503530503992519
39,TCD,Chad,2000,0.007357414058384387
40,TGO,Togo,2000,0.0001961977082235722
41,TUN,Tunisia,2000,0.0003223248063673051
42,TZA,Tanzania,2000,0.013489931354850493
43,UGA,Uganda,2000,0.06361009983048904
44,ZAF,South Africa,2000,0.01016023846157843
45,ZMB,Zambia,2000,0.002550570206906577
46,ZWE,Zimbabwe,2000,0.032114699514074974
47,AGO,Angola,2001,0.16466388331812332
48,BDI,Burundi,2001,0.2612488021782849
49,BEN,Benin,2001,0.0002102118302395456
50,BFA,Burkina Faso,2001,0.00025225419628745194
51,BWA,Botswana,2001,0.0
52,CAF,Central African Republic,2001,0.055634834181685563
53,CIV,Ivory Coast,2001,0.05351870175727405
54,CMR,Cameroon,2001,0.00030831068435134557
55,COG,Republic of Congo,2001,0.055727346904049624
56,DJI,Djibouti,2001,7.007061007983928e-05
57,DZA,Algeria,2001,0.11419927598295765
58,EGY,Egypt,2001,0.002326344254651058
59,ERI,Eritrea,2001,0.0013313415915171684
60,ETH,Ethiopia,2001,0.015247364753375639
61,GAB,Gabon,2001,0.00026626831830342534
62,GHA,Ghana,2001,0.0009109179310380633
63,GIN,Guinea,2001,0.017321454811739245
64,GMB,Gambia,2001,0.0016816946419164203
65,GNB,Guinea-Bissau,2001,0.0006306354907186507
66,GNQ,Equatorial Guinea,2001,7.007061007983928e-05
67,KEN,Kenya,2001,0.04414448435030632
68,LBR,Liberia,2001,0.06021868230262423
69,LBY,Libya,2001,0.00018218358620761266
70,LSO,Lesotho,2001,0.0001121129761277595
71,MAR,Morocco,2001,0.00043443778249507847
72,MDG,Madagascar,2001,0.00042042366047910507
73,MLI,Mali,2001,0.0010510591511977696
74,MOZ,Mozambique,2001,0.008458943565898255
75,MRT,Mauritania,2001,5.605648806387975e-05
76,MWI,Malawi,2001,0.0017657793740122468
77,NAM,Namibia,2001,0.0022142312785232987
78,NER,Niger,2001,0.0009529602970859696
79,NGA,Nigeria,2001,0.0938453487135833
80,RWA,Rwanda,2001,0.009950026631338885
81,SDN,Sudan,2001,0.11202766117394992
82,SEN,Senegal,2001,0.015065181167168026
83,SLE,Sierra Leone,2001,0.09760630947170558
84,SOM,Somalia,2001,0.018792855608634987
85,SWZ,eSwatini,2001,0.0001261270981437329
86,TCD,Chad,2001,0.005535496181527114
87,TGO,Togo,2001,0.000224225952255519
88,TUN,Tunisia,2001,0.0002102118302395456
89,TZA,Tanzania,2001,0.014569018750080195
90,UGA,Uganda,2001,0.028700921888707098
91,ZAF,South Africa,2001,0.013411350739721328
92,ZMB,Zambia,2001,0.01053837371166634
93,ZWE,Zimbabwe,2001,0.029522168955901554
94,AGO,Angola,2002,0.08531592446369965
95,BDI,Burundi,2002,0.19559305060736967
96,BEN,Benin,2002,5.605648806387975e-05
97,BFA,Burkina Faso,2002,0.00040640953846313166
98,BWA,Botswana,2002,0.0
99,CAF,Central African Republic,2002,0.06879393072511944
100,CIV,Ivory Coast,2002,0.08688632627729925
101,CMR,Cameroon,2002,0.0001261270981437329
102,COG,Republic of Congo,2002,0.05955878834615724
103,DJI,Djibouti,2002,0.00042042366047910507
104,DZA,Algeria,2002,0.14161048857229
105,EGY,Egypt,2002,0.0032933186737530012
106,ERI,Eritrea,2002,7.007061007983928e-05
107,ETH,Ethiopia,2002,0.09202498911756679
108,GAB,Gabon,2002,7.007061007983928e-05
109,GHA,Ghana,2002,0.0025926125729544974
110,GIN,Guinea,2002,0.0014714828116768747
111,GMB,Gambia,2002,0.0008548614429741835
112,GNB,Guinea-Bissau,2002,0.0001261270981437329
113,GNQ,Equatorial Guinea,2002,0.007800279831147644
114,KEN,Kenya,2002,0.04191065281801927
115,LBR,Liberia,2002,0.1060434670435684
116,LBY,Libya,2002,0.0003223248063673051
117,LSO,Lesotho,2002,0.00014014122015969244
118,MAR,Morocco,2002,0.0008828896870061165
119,MDG,Madagascar,2002,0.030993241693672992
120,MLI,Mali,2002,0.0001261270981437329
121,MOZ,Mozambique,2002,0.00014014122015969244
122,MRT,Mauritania,2002,0.00018218358620761266
123,MWI,Malawi,2002,0.0014714828116768747
124,NAM,Namibia,2002,0.0014714828116768747
125,NER,Niger,2002,0.014770884604832654
126,NGA,Nigeria,2002,0.1598223588987116
127,RWA,Rwanda,2002,0.000966974419101943
128,SDN,Sudan,2002,0.16934460007145738
129,SEN,Senegal,2002,0.01014622433956247
130,SLE,Sierra Leone,2002,0.04673586670154445
131,SOM,Somalia,2002,0.033283539787929375
132,SWZ,eSwatini,2002,0.0002382400742714924
133,TCD,Chad,2002,0.005535578196308247
134,TGO,Togo,2002,0.00018218358620761266
135,TUN,Tunisia,2002,0.000546550758622838
136,TZA,Tanzania,2002,0.001990005326267766
137,UGA,Uganda,2002,0.11543432304554709
138,ZAF,South Africa,2002,0.011295300330090893
139,ZMB,Zambia,2002,0.011093516490119568
140,ZWE,Zimbabwe,2002,0.06258674086419884
141,AGO,Angola,2003,0.03203546278069708
142,BDI,Burundi,2003,0.09917112515355744
143,BEN,Benin,2003,0.0001261270981437329
144,BFA,Burkina Faso,2003,7.007061007983928e-05
145,BWA,Botswana,2003,5.605648806387975e-05
146,CAF,Central African Republic,2003,0.06345471426659698
147,CIV,Ivory Coast,2003,0.10208581648853597
148,CMR,Cameroon,2003,0.0006306354907186507
149,COG,Republic of Congo,2003,0.04736650219226311
150,DJI,Djibouti,2003,5.605648806387975e-05
151,DZA,Algeria,2003,0.048516890419289055
152,EGY,Egypt,2003,0.0032091519268760554
153,ERI,Eritrea,2003,0.0009109179310380633
154,ETH,Ethiopia,2003,0.04295328397894886
155,GAB,Gabon,2003,0.0
156,GHA,Ghana,2003,0.002130146546427472
157,GIN,Guinea,2003,0.04731044570419923
158,GMB,Gambia,2003,0.0012192286153894089
159,GNB,Guinea-Bissau,2003,0.008753240128233628
160,GNQ,Equatorial Guinea,2003,7.007061007983928e-05
161,KEN,Kenya,2003,0.02235252461547256
162,LBR,Liberia,2003,0.18752026020792206
163,LBY,Libya,2003,0.00014014122015969244
164,LSO,Lesotho,2003,0.000546550758622838
165,MAR,Morocco,2003,0.0008128190769262633
166,MDG,Madagascar,2003,0.0012752851034532886
167,MLI,Mali,2003,0.0009109179310380633
168,MOZ,Mozambique,2003,0.0017797934960282202
169,MRT,Mauritania,2003,0.04820734951322132
170,MWI,Malawi,2003,0.0008268331989422367
171,NAM,Namibia,2003,0.0007988049549103038
172,NER,Niger,2003,0.0014574686896609013
173,NGA,Nigeria,2003,0.13349080780807657
174,RWA,Rwanda,2003,0.046665796091464595
175,SDN,Sudan,2003,0.12262151727021249
176,SEN,Senegal,2003,0.0033353610398009215
177,SLE,Sierra Leone,2003,0.049973128887233584
178,SOM,Somalia,2003,0.09389461750700077
179,SWZ,eSwatini,2003,0.010202034783283062
180,TCD,Chad,2003,0.00545149346421242
181,TGO,Togo,2003,0.00028028244031939875
182,TUN,Tunisia,2003,0.00018218358620761266
183,TZA,Tanzania,2003,0.0013453557135331418
184,UGA,Uganda,2003,0.15613976137019292
185,ZAF,South Africa,2003,0.006166213687026911
186,ZMB,Zambia,2003,0.002158174790459419
187,ZWE,Zimbabwe,2003,0.05431257669868535
188,AGO,Angola,2004,0.031797222706425585
189,BDI,Burundi,2004,0.09963835716402127
190,BEN,Benin,2004,0.0004764801485429848
191,BFA,Burkina Faso,2004,0.0009809885411179164
192,BWA,Botswana,2004,0.0003503530503992519
193,CAF,Central African Republic,2004,0.005675719416467953
194,CIV,Ivory Coast,2004,0.06950865094793392
195,CMR,Cameroon,2004,0.0008408473209582101
196,COG,Republic of Congo,2004,0.0008128190769262633
197,DJI,Djibouti,2004,0.0002102118302395456
198,DZA,Algeria,2004,0.07634770652128962
199,EGY,Egypt,2004,0.0002102118302395456
200,ERI,Eritrea,2004,0.0006306354907186507
201,ETH,Ethiopia,2004,0.059475523761872304
202,GAB,Gabon,2004,0.0001961977082235722
203,GHA,Ghana,2004,0.0008268331989422367
204,GIN,Guinea,2004,0.0009809885411179164
205,GMB,Gambia,2004,0.0003223248063673051
206,GNB,Guinea-Bissau,2004,0.011794222590918085
207,GNQ,Equatorial Guinea,2004,0.04700213501984789
208,KEN,Kenya,2004,0.01947954758741753
209,LBR,Liberia,2004,0.011289796213124245
210,LBY,Libya,2004,0.00042042366047910507
211,LSO,Lesotho,2004,7.007061007983928e-05
212,MAR,Morocco,2004,0.0007287343448304506
213,MDG,Madagascar,2004,0.0035876152360883873
214,MLI,Mali,2004,0.0009109179310380633
215,MOZ,Mozambique,2004,0.002480499596826724
216,MRT,Mauritania,2004,0.04656769723735281
217,MWI,Malawi,2004,0.0003503530503992519
218,NAM,Namibia,2004,0.0001121129761277595
219,NER,Niger,2004,0.005381422854132581
220,NGA,Nigeria,2004,0.1190988786011428
221,RWA,Rwanda,2004,0.04694607853178401
222,SDN,Sudan,2004,0.25676264283755257
223,SEN,Senegal,2004,0.0031111350875453886
224,SLE,Sierra Leone,2004,0.0027187396710982303
225,SOM,Somalia,2004,0.10929531745474116
226,SWZ,eSwatini,2004,0.0001261270981437329
227,TCD,Chad,2004,0.0570362463832826
228,TGO,Togo,2004,0.0002102118302395456
229,TUN,Tunisia,2004,0.00030831068435134557
230,TZA,Tanzania,2004,0.005059098047765262
231,UGA,Uganda,2004,0.15336373498931447
232,ZAF,South Africa,2004,0.008184247257326624
233,ZMB,Zambia,2004,0.0019199347161879265
234,ZWE,Zimbabwe,2004,0.024973165432459005
235,AGO,Angola,2005,0.0008969038090220899
236,BDI,Burundi,2005,0.0603295650570356
237,BEN,Benin,2005,0.0001121129761277595
238,BFA,Burkina Faso,2005,0.0003363389283832785
239,BWA,Botswana,2005,0.00018218358620761266
240,CAF,Central African Republic,2005,0.005101140413813168
241,CIV,Ivory Coast,2005,0.008520586185709916
242,CMR,Cameroon,2005,0.005577620562356153
243,COG,Republic of Congo,2005,0.002102118302395539
244,DJI,Djibouti,2005,0.0001261270981437329
245,DZA,Algeria,2005,0.0736289668501914
246,EGY,Egypt,2005,0.02507069018310315
247,ERI,Eritrea,2005,0.0004904942705589582
248,ETH,Ethiopia,2005,0.06119893271071228
249,GAB,Gabon,2005,5.605648806387975e-05
250,GHA,Ghana,2005,0.0005605648806387975
251,GIN,Guinea,2005,0.0030410644774655354
252,GMB,Gambia,2005,0.00026626831830342534
253,GNB,Guinea-Bissau,2005,0.008851338982345414
254,GNQ,Equatorial Guinea,2005,0.0001121129761277595
255,KEN,Kenya,2005,0.04827807624154991
256,LBR,Liberia,2005,0.015984363058912113
257,LBY,Libya,2005,0.000448451904511038
258,LSO,Lesotho,2005,0.0
259,MAR,Morocco,2005,0.0010090167851498494
260,MDG,Madagascar,2005,0.0013593698355491152
261,MLI,Mali,2005,0.0004764801485429848
262,MOZ,Mozambique,2005,0.001611624031836581
263,MRT,Mauritania,2005,0.04802516592701371
264,MWI,Malawi,2005,0.0003643671724152253
265,NAM,Namibia,2005,5.605648806387975e-05
266,NER,Niger,2005,0.0013313415915171684
267,NGA,Nigeria,2005,0.02982205164998472
268,RWA,Rwanda,2005,0.0033072507809878415
269,SDN,Sudan,2005,0.22497302797358426
270,SEN,Senegal,2005,0.0010230309071658228
271,SLE,Sierra Leone,2005,0.0003363389283832785
272,SOM,Somalia,2005,0.12714372277133953
273,SWZ,eSwatini,2005,0.00040640953846313166
274,TCD,Chad,2005,0.00759565413265588
275,TGO,Togo,2005,0.08819724746724174
276,TUN,Tunisia,2005,0.0001261270981437329
277,TZA,Tanzania,2005,0.013784309931966957
278,UGA,Uganda,2005,0.1832546270276626
279,ZAF,South Africa,2005,0.0061101571989630316
280,ZMB,Zambia,2005,0.003797827066327933
281,ZWE,Zimbabwe,2005,0.0185687116711606
282,AGO,Angola,2006,0.0008128190769262633
283,BDI,Burundi,2006,0.07411946112075035
284,BEN,Benin,2006,5.605648806387975e-05
285,BFA,Burkina Faso,2006,0.001933948838203886
286,BWA,Botswana,2006,0.0001121129761277595
287,CAF,Central African Republic,2006,0.015051167045152053
288,CIV,Ivory Coast,2006,0.07892556683919834
289,CMR,Cameroon,2006,0.0014574686896609013
290,COG,Republic of Congo,2006,7.007061007983928e-05
291,DJI,Djibouti,2006,0.0002102118302395456
292,DZA,Algeria,2006,0.10108263187947714
293,EGY,Egypt,2006,0.00039239541644715825
294,ERI,Eritrea,2006,0.0004904942705589582
295,ETH,Ethiopia,2006,0.01575187314595057
296,GAB,Gabon,2006,0.00026626831830342534
297,GHA,Ghana,2006,0.006754642782135445
298,GIN,Guinea,2006,0.0003363389283832785
299,GMB,Gambia,2006,0.04714227624000758
300,GNB,Guinea-Bissau,2006,0.006124171320979005
301,GNQ,Equatorial Guinea,2006,7.007061007983928e-05
302,KEN,Kenya,2006,0.020937098291859566
303,LBR,Liberia,2006,0.014008453869441384
304,LBY,Libya,2006,0.0004624660265270114
305,LSO,Lesotho,2006,0.0002102118302395456
306,MAR,Morocco,2006,0.0009529602970859696
307,MDG,Madagascar,2006,0.001289299225469262
308,MLI,Mali,2006,0.0029429656233537493
309,MOZ,Mozambique,2006,0.0015415534217567278
310,MRT,Mauritania,2006,0.00018218358620761266
311,MWI,Malawi,2006,0.00042042366047910507
312,NAM,Namibia,2006,0.0007007061007985038
313,NER,Niger,2006,0.0005325366366068646
314,NGA,Nigeria,2006,0.058382012170721184
315,RWA,Rwanda,2006,0.000742748466846424
316,SDN,Sudan,2006,0.11770256044260693
317,SEN,Senegal,2006,0.007231286960240654
318,SLE,Sierra Leone,2006,0.00042042366047910507
319,SOM,Somalia,2006,0.2521191204515485
320,SWZ,eSwatini,2006,0.00040640953846313166
321,TCD,Chad,2006,0.07840778245763724
322,TGO,Togo,2006,7.007061007983928e-05
323,TUN,Tunisia,2006,0.00042042366047910507
324,TZA,Tanzania,2006,0.0024664854748107645
325,UGA,Uganda,2006,0.10750109976279153
326,ZAF,South Africa,2006,0.0048488862175257025
327,ZMB,Zambia,2006,0.005759804148563766
328,ZWE,Zimbabwe,2006,0.011897907576777611
329,AGO,Angola,2007,0.002508527840858671
330,BDI,Burundi,2007,0.007567625888623933
331,BEN,Benin,2007,0.0005605648806387975
332,BFA,Burkina Faso,2007,5.605648806387975e-05
333,BWA,Botswana,2007,0.0001261270981437329
334,CAF,Central African Republic,2007,0.019745897920502103
335,CIV,Ivory Coast,2007,0.047927067072901924
336,CMR,Cameroon,2007,0.005577620562356153
337,COG,Republic of Congo,2007,0.023761954733432337
338,DJI,Djibouti,2007,7.007061007983928e-05
339,DZA,Algeria,2007,0.09877153196855844
340,EGY,Egypt,2007,0.003293236658971868
341,ERI,Eritrea,2007,0.008851338982345414
342,ETH,Ethiopia,2007,0.06010533910478008
343,GAB,Gabon,2007,0.0
344,GHA,Ghana,2007,0.0017517652519962734
345,GIN,Guinea,2007,0.0027187396710982303
346,GMB,Gambia,2007,0.0001261270981437329
347,GNB,Guinea-Bissau,2007,0.08218527113717163
348,GNQ,Equatorial Guinea,2007,0.00014014122015969244
349,KEN,Kenya,2007,0.09128725267900044
350,LBR,Liberia,2007,0.0009389461750699962
351,LBY,Libya,2007,7.007061007983928e-05
352,LSO,Lesotho,2007,7.007061007983928e-05
353,MAR,Morocco,2007,0.07899555543449706
354,MDG,Madagascar,2007,0.0014574686896609013
355,MLI,Mali,2007,0.003223248063673148
356,MOZ,Mozambique,2007,0.002032047692315686
357,MRT,Mauritania,2007,0.0010510591511977696
358,MWI,Malawi,2007,0.00040640953846313166
359,NAM,Namibia,2007,0.0014014122015970215
360,NER,Niger,2007,0.007763823596847519
361,NGA,Nigeria,2007,0.04083698752497514
362,RWA,Rwanda,2007,0.0015275392997407544
363,SDN,Sudan,2007,0.030116348212320093
364,SEN,Senegal,2007,0.005521564074292273
365,SLE,Sierra Leone,2007,0.0011071156392616494
366,SOM,Somalia,2007,0.44976677153711686
367,SWZ,eSwatini,2007,0.00016816946419163925
368,TCD,Chad,2007,0.030971127640513144
369,TGO,Togo,2007,5.605648806387975e-05
370,TUN,Tunisia,2007,0.00042042366047910507
371,TZA,Tanzania,2007,0.000770776710878357
372,UGA,Uganda,2007,0.06653782111011043
373,ZAF,South Africa,2007,0.013285387671139806
374,ZMB,Zambia,2007,0.009389461750700073
375,ZWE,Zimbabwe,2007,0.014700813994752801
376,AGO,Angola,2008,0.0007007061007985038
377,BDI,Burundi,2008,0.06855585468041014
378,BEN,Benin,2008,5.605648806387975e-05
379,BFA,Burkina Faso,2008,0.013391832500738693
380,BWA,Botswana,2008,0.0001261270981437329
381,CAF,Central African Republic,2008,0.01387398079581055
382,CIV,Ivory Coast,2008,0.003994024774551519
383,CMR,Cameroon,2008,0.007973953412305945
384,COG,Republic of Congo,2008,0.003097038950748296
385,DJI,Djibouti,2008,0.0004904942705589582
386,DZA,Algeria,2008,0.06013459757052841
387,EGY,Egypt,2008,0.01900290340931239
388,ERI,Eritrea,2008,0.004904942705589582
389,ETH,Ethiopia,2008,0.08491033507304745
390,GAB,Gabon,2008,0.0001261270981437329
391,GHA,Ghana,2008,0.0021721889124753785
392,GIN,Guinea,2008,0.057969606426604856
393,GMB,Gambia,2008,0.0005605648806387975
394,GNB,Guinea-Bissau,2008,0.05812367975399946
395,GNQ,Equatorial Guinea,2008,0.00014014122015969244
396,KEN,Kenya,2008,0.1267507532514247
397,LBR,Liberia,2008,0.001611624031836581
398,LBY,Libya,2008,0.0010230309071658228
399,LSO,Lesotho,2008,5.605648806387975e-05
400,MAR,Morocco,2008,0.0779865386493472
401,MDG,Madagascar,2008,0.00042042366047910507
402,MLI,Mali,2008,0.007567625888623933
403,MOZ,Mozambique,2008,0.004806761836696663
404,MRT,Mauritania,2008,0.049650804080866265
405,MWI,Malawi,2008,0.00042042366047910507
406,NAM,Namibia,2008,0.0015835957878046342
407,NER,Niger,2008,0.053308489927034505
408,NGA,Nigeria,2008,0.09909246252364715
409,RWA,Rwanda,2008,0.001387398079581048
410,SDN,Sudan,2008,0.150677789546185
411,SEN,Senegal,2008,0.0017797934960282202
412,SLE,Sierra Leone,2008,0.002032047692315686
413,SOM,Somalia,2008,0.5290579357704469
414,SWZ,eSwatini,2008,0.004134083979930092
415,TCD,Chad,2008,0.07376910807035109
416,TGO,Togo,2008,7.007061007983928e-05
417,TUN,Tunisia,2008,0.0018358499840921
418,TZA,Tanzania,2008,0.002354372498683005
419,UGA,Uganda,2008,0.062011259698952034
420,ZAF,South Africa,2008,0.016676805199004607
421,ZMB,Zambia,2008,0.0013453557135331418
422,ZWE,Zimbabwe,2008,0.07624484168324097
423,AGO,Angola,2009,0.0012472568594213418
424,BDI,Burundi,2009,0.05905427995358231
425,BEN,Benin,2009,0.0001261270981437329
426,BFA,Burkina Faso,2009,5.605648806387975e-05
427,BWA,Botswana,2009,0.0004764801485429848
428,CAF,Central African Republic,2009,0.02212829866321704
429,CIV,Ivory Coast,2009,0.03783714526574662
430,CMR,Cameroon,2009,0.0029149373793218025
431,COG,Republic of Congo,2009,0.0009529602970859696
432,DJI,Djibouti,2009,0.002102118302395539
433,DZA,Algeria,2009,0.09484675765627582
434,EGY,Egypt,2009,0.016390854612156336
435,ERI,Eritrea,2009,0.0004904942705589582
436,ETH,Ethiopia,2009,0.11904775212657787
437,GAB,Gabon,2009,0.0003223248063673051
438,GHA,Ghana,2009,0.0027607820371461367
439,GIN,Guinea,2009,0.140894374098197
440,GMB,Gambia,2009,0.0006306354907186507
441,GNB,Guinea-Bissau,2009,0.027013149026356355
442,GNQ,Equatorial Guinea,2009,0.08537181692220132
443,KEN,Kenya,2009,0.03575837123822724
444,LBR,Liberia,2009,0.0015976099098206076
445,LBY,Libya,2009,0.00030831068435134557
446,LSO,Lesotho,2009,0.008220703491626763
447,MAR,Morocco,2009,0.0003503530503992519
448,MDG,Madagascar,2009,0.0772526282466745
449,MLI,Mali,2009,0.00273275379311419
450,MOZ,Mozambique,2009,0.004036067140599425
451,MRT,Mauritania,2009,0.0013733839575650747
452,MWI,Malawi,2009,0.00026626831830342534
453,NAM,Namibia,2009,0.0008969038090220899
454,NER,Niger,2009,0.004820775958712636
455,NGA,Nigeria,2009,0.11762723175990371
456,RWA,Rwanda,2009,0.00283085264722599
457,SDN,Sudan,2009,0.15062165104334002
458,SEN,Senegal,2009,0.004470504923094504
459,SLE,Sierra Leone,2009,0.004498533167126451
460,SOM,Somalia,2009,0.22425217617437218
461,SWZ,eSwatini,2009,7.007061007983928e-05
462,TCD,Chad,2009,0.052047218945597176
463,TGO,Togo,2009,0.06096846450846029
464,TUN,Tunisia,2009,5.605648806387975e-05
465,TZA,Tanzania,2009,0.01142985541850286
466,UGA,Uganda,2009,0.0965552503205078
467,ZAF,South Africa,2009,0.032778785351011155
468,ZMB,Zambia,2009,0.0029569797453697227
469,ZWE,Zimbabwe,2009,0.023963902602965853
470,AGO,Angola,2010,0.0012612709814373152
471,BDI,Burundi,2010,0.06589317149737581
472,BEN,Benin,2010,0.0005045083925749178
473,BFA,Burkina Faso,2010,0.0002382400742714924
474,BGD,Bangladesh,2010,0.3133219898717533
475,BWA,Botswana,2010,7.007061007983928e-05
476,CAF,Central African Republic,2010,0.10455731399162682
477,CIV,Ivory Coast,2010,0.07928475795377127
478,CMR,Cameroon,2010,0.0016256381538525405
479,COG,Republic of Congo,2010,0.0
480,DJI,Djibouti,2010,0.002704725549082257
481,DZA,Algeria,2010,0.07383400262258866
482,EGY,Egypt,2010,0.036127668424141474
483,ERI,Eritrea,2010,0.0012612709814373152
484,ETH,Ethiopia,2010,0.06352042896664542
485,GAB,Gabon,2010,0.00018218358620761266
486,GHA,Ghana,2010,0.0022983160106191114
487,GIN,Guinea,2010,0.051108272770527166
488,GMB,Gambia,2010,0.0004904942705589582
489,GNB,Guinea-Bissau,2010,0.007926406929291377
490,GNQ,Equatorial Guinea,2010,0.04652565487130489
491,KEN,Kenya,2010,0.029303365105831605
492,KHM,Cambodia,2010,0.016466593368765062
493,LAO,Laos,2010,0.0
494,LBR,Liberia,2010,0.0020740900583635924
495,LBY,Libya,2010,0.0004764801485429848
496,LKA,Sri Lanka,2010,0.02172188912475391
497,LSO,Lesotho,2010,0.00018218358620761266
498,MAR,Morocco,2010,0.001709722885948367
499,MDG,Madagascar,2010,0.1096102518041767
500,MLI,Mali,2010,0.004036067140599425
501,MMR,Myanmar,2010,0.043864201909986925
502,MOZ,Mozambique,2010,0.02974590281947056
503,MRT,Mauritania,2010,0.002228245400539272
504,MWI,Malawi,2010,0.00030831068435134557
505,NAM,Namibia,2010,0.0010650732732137291
506,NER,Niger,2010,0.04817932126918939
507,NGA,Nigeria,2010,0.12662495421240536
508,NPL,Nepal,2010,0.06188578871905703
509,PAK,Pakistan,2010,0.699283694091874
510,RWA,Rwanda,2010,0.05197714833551732
511,SDN,Sudan,2010,0.09868662708865167
512,SEN,Senegal,2010,0.004484519045110477
513,SLE,Sierra Leone,2010,0.0006726778567665709
514,SOM,Somalia,2010,0.435724867321458
515,SWZ,eSwatini,2010,0.0005745790026547709
516,TCD,Chad,2010,0.04855770256362059
517,TGO,Togo,2010,0.0010230309071658228
518,THA,Thailand,2010,0.247796639294232
519,TUN,Tunisia,2010,0.0016536663978844873
520,TZA,Tanzania,2010,0.00026626831830342534
521,UGA,Uganda,2010,0.09457925911625599
522,VNM,Vietnam,2010,0.0023964148647309114
523,ZAF,South Africa,2010,0.01990005326267777
524,ZMB,Zambia,2010,0.0014995110557088076
525,ZWE,Zimbabwe,2010,0.011715806005351131
526,AGO,Angola,2011,0.00966415805927169
527,BDI,Burundi,2011,0.007049103374033042
528,BEN,Benin,2011,0.0007847908328943304
529,BFA,Burkina Faso,2011,0.023650087801647846
530,BGD,Bangladesh,2011,0.2757608089217459
531,BWA,Botswana,2011,0.00028028244031939875
532,CAF,Central African Republic,2011,0.045040568011517484
533,CIV,Ivory Coast,2011,0.10274480828241093
534,CMR,Cameroon,2011,0.0022422595225552316
535,COG,Republic of Congo,2011,0.0
536,DJI,Djibouti,2011,0.0034333778791315744
537,DZA,Algeria,2011,0.07450400265039693
538,EGY,Egypt,2011,0.5349638578126394
539,ERI,Eritrea,2011,0.0016816946419164203
540,ETH,Ethiopia,2011,0.03244252843740894
541,GAB,Gabon,2011,0.0005325366366068646
542,GHA,Ghana,2011,0.0016256381538525405
543,GIN,Guinea,2011,0.0017797934960282202
544,GMB,Gambia,2011,0.0001261270981437329
545,GNB,Guinea-Bissau,2011,0.008430915321866309
546,GNQ,Equatorial Guinea,2011,5.605648806387975e-05
547,KEN,Kenya,2011,0.024370558185772287
548,KHM,Cambodia,2011,0.024889080700363178
549,LAO,Laos,2011,0.00014014122015969244
550,LBR,Liberia,2011,0.011387895067236031
551,LBY,Libya,2011,0.3408836671381122
552,LKA,Sri Lanka,2011,0.020376533411220754
553,LSO,Lesotho,2011,0.000224225952255519
554,MAR,Morocco,2011,0.03041015268596889
555,MDG,Madagascar,2011,0.0006866919787825304
556,MLI,Mali,2011,0.0049469850716375025
557,MMR,Myanmar,2011,0.17122372264331379
558,MOZ,Mozambique,2011,0.0016256381538525405
559,MRT,Mauritania,2011,0.006474442356597124
560,MWI,Malawi,2011,0.015451826422305248
561,NAM,Namibia,2011,0.001387398079581048
562,NER,Niger,2011,0.003125149209561362
563,NGA,Nigeria,2011,0.12564881367000535
564,NPL,Nepal,2011,0.026206408169864387
565,PAK,Pakistan,2011,0.4946489103112085
566,RWA,Rwanda,2011,0.009347255355089956
567,SDN,Sudan,2011,0.11500415915830228
568,SEN,Senegal,2011,0.0195719782950005
569,SLE,Sierra Leone,2011,0.0010510591511977696
570,SOM,Somalia,2011,0.3652296417006584
571,SSD,South Sudan,2011,0.08988452824090595
572,SWZ,eSwatini,2011,0.0037557026854988934
573,TCD,Chad,2011,0.00042042366047910507
574,TGO,Togo,2011,0.001163172127325529
575,THA,Thailand,2011,0.1790163946320042
576,TUN,Tunisia,2011,0.2593029807290069
577,TZA,Tanzania,2011,0.015485358783303843
578,UGA,Uganda,2011,0.08718847672643522
579,VNM,Vietnam,2011,0.011813658815119643
580,ZAF,South Africa,2011,0.0394858816501321
581,ZMB,Zambia,2011,0.0029569797453697227
582,ZWE,Zimbabwe,2011,0.02505708613499262
583,AGO,Angola,2012,0.0010230309071658228
584,BDI,Burundi,2012,0.00273275379311419
585,BEN,Benin,2012,0.0007567625888623836
586,BFA,Burkina Faso,2012,0.005087126291797195
587,BGD,Bangladesh,2012,0.26899885769745974
588,BWA,Botswana,2012,0.0
589,CAF,Central African Republic,2012,0.10112385409771411
590,CIV,Ivory Coast,2012,0.06774287157392167
591,CMR,Cameroon,2012,0.0011211297612776089
592,COG,Republic of Congo,2012,0.0003363389283832785
593,DJI,Djibouti,2012,0.0004764801485429848
594,DZA,Algeria,2012,0.0423226484882302
595,EGY,Egypt,2012,0.24496152187838927
596,ERI,Eritrea,2012,0.0009809885411179164
597,ETH,Ethiopia,2012,0.044326503906951725
598,GAB,Gabon,2012,0.01124441989986931
599,GHA,Ghana,2012,0.006292340785170644
600,GIN,Guinea,2012,0.06324951446463752
601,GMB,Gambia,2012,0.006880769880279178
602,GNB,Guinea-Bissau,2012,0.011931111878651854
603,GNQ,Equatorial Guinea,2012,0.00042042366047910507
604,KEN,Kenya,2012,0.06933612557371091
605,KHM,Cambodia,2012,0.02475403352326465
606,LAO,Laos,2012,0.0006166213687026911
607,LBR,Liberia,2012,0.001191200371357462
608,LBY,Libya,2012,0.2537343622603867
609,LKA,Sri Lanka,2012,0.024308915565960626
610,LSO,Lesotho,2012,0.0017237370079643405
611,MAR,Morocco,2012,0.02970928255560823
612,MDG,Madagascar,2012,0.012388483862117702
613,MLI,Mali,2012,0.249740255471054
614,MMR,Myanmar,2012,0.30605080205640656
615,MOZ,Mozambique,2012,0.0037277564562480797
616,MRT,Mauritania,2012,0.004246278970838985
617,MWI,Malawi,2012,0.0013453557135331418
618,NAM,Namibia,2012,0.006124171320979005
619,NER,Niger,2012,0.0014014122015970215
620,NGA,Nigeria,2012,0.9301389809002838
621,NPL,Nepal,2012,0.05507500743407656
622,PAK,Pakistan,2012,1.1125428667562112
623,RWA,Rwanda,2012,0.004904942705589582
624,SDN,Sudan,2012,0.3482087348278845
625,SEN,Senegal,2012,0.04020027381382221
626,SLE,Sierra Leone,2012,0.0015555675437726874
627,SOM,Somalia,2012,0.6238217569015622
628,SSD,South Sudan,2012,0.0401084172097069
629,SWZ,eSwatini,2012,0.008968874060658757
630,TCD,Chad,2012,0.0012472568594213418
631,TGO,Togo,2012,0.008795282494281534
632,THA,Thailand,2012,0.18206506695192703
633,TUN,Tunisia,2012,0.06931269928405362
634,TZA,Tanzania,2012,0.014134662982366208
635,UGA,Uganda,2012,0.022310154190300288
636,VNM,Vietnam,2012,0.002228245400539272
637,ZAF,South Africa,2012,0.12454761222161581
638,ZMB,Zambia,2012,0.004022053018583466
639,ZWE,Zimbabwe,2012,0.014602715140641015
640,AGO,Angola,2013,0.001317327469501195
641,BDI,Burundi,2013,0.001961977082235833
642,BEN,Benin,2013,0.046988120897831914
643,BFA,Burkina Faso,2013,0.002999022111417629
644,BGD,Bangladesh,2013,0.456566254314491
645,BWA,Botswana,2013,7.007061007983928e-05
646,CAF,Central African Republic,2013,0.5004103730086612
647,CIV,Ivory Coast,2013,0.01674687580908446
648,CMR,Cameroon,2013,0.006810863299761549
649,COG,Republic of Congo,2013,0.0008969038090220899
650,DJI,Djibouti,2013,0.0006586637347505975
651,DZA,Algeria,2013,0.0884000154845862
652,EGY,Egypt,2013,0.979189556163115
653,ERI,Eritrea,2013,0.07819675047958675
654,ETH,Ethiopia,2013,0.04170594510474637
655,GAB,Gabon,2013,0.0011071156392616494
656,GHA,Ghana,2013,0.006222270175090791
657,GIN,Guinea,2013,0.011968060201638597
658,GMB,Gambia,2013,5.605648806387975e-05
659,GNB,Guinea-Bissau,2013,0.011062236313661697
660,GNQ,Equatorial Guinea,2013,5.605648806387975e-05
661,KEN,Kenya,2013,0.11607798848090861
662,KHM,Cambodia,2013,0.03166283164757583
663,LAO,Laos,2013,7.007061007983928e-05
664,LBR,Liberia,2013,0.004204236604791078
665,LBY,Libya,2013,0.37985932801981065
666,LKA,Sri Lanka,2013,0.026915542260931097
667,LSO,Lesotho,2013,0.0
668,MAR,Morocco,2013,0.019016835516547273
669,MDG,Madagascar,2013,0.013369472403235633
670,MLI,Mali,2013,0.2506236372467467
671,MMR,Myanmar,2013,0.5595179118211168
672,MOZ,Mozambique,2013,0.01736341516300602
673,MRT,Mauritania,2013,0.0035595869920564405
674,MWI,Malawi,2013,0.010650486687794114
675,NAM,Namibia,2013,0.004975013315669435
676,NER,Niger,2013,0.06544430951895931
677,NGA,Nigeria,2013,0.7205412491034028
678,NPL,Nepal,2013,0.057513628694417604
679,PAK,Pakistan,2013,2.259201006575058
680,RWA,Rwanda,2013,0.0032372621856891215
681,SDN,Sudan,2013,0.3583929736825878
682,SEN,Senegal,2013,0.006026072466867205
683,SLE,Sierra Leone,2013,0.0009529602970859696
684,SOM,Somalia,2013,1.0418263677152753
685,SSD,South Sudan,2013,0.21693491814207058
686,SWZ,eSwatini,2013,0.0008969038090220899
687,TCD,Chad,2013,0.04735248807024714
688,TGO,Togo,2013,0.003475502259960614
689,THA,Thailand,2013,0.32674925020008927
690,TUN,Tunisia,2013,0.18819154381341005
691,TZA,Tanzania,2013,0.006838891543793482
692,UGA,Uganda,2013,0.008997066334252901
693,VNM,Vietnam,2013,0.001611624031836581
694,ZAF,South Africa,2013,0.09327191791786377
695,ZMB,Zambia,2013,0.006740792689681696
696,ZWE,Zimbabwe,2013,0.013943887376328193
697,AGO,Angola,2014,0.00040640953846313166
698,BDI,Burundi,2014,0.026696492366517846
699,BEN,Benin,2014,0.00969752639070813
700,BFA,Burkina Faso,2014,0.09212670574868012
701,BGD,Bangladesh,2014,0.25086943180751214
702,BWA,Botswana,2014,0.00030831068435134557
703,CAF,Central African Republic,2014,0.19144610071235887
704,CIV,Ivory Coast,2014,0.05429498258511908
705,CMR,Cameroon,2014,0.03305931383567384
706,COG,Republic of Congo,2014,0.009075564934600946
707,DJI,Djibouti,2014,0.004190222482775105
708,DZA,Algeria,2014,0.14689332048362427
709,EGY,Egypt,2014,1.417650939552067
710,ERI,Eritrea,2014,0.00018218358620761266
711,ETH,Ethiopia,2014,0.05825029894082972
712,GAB,Gabon,2014,0.008599084786057962
713,GHA,Ghana,2014,0.013999861849610995
714,GIN,Guinea,2014,0.0037838129443119595
715,GMB,Gambia,2014,0.04696009265379997
716,GNB,Guinea-Bissau,2014,0.026662795975957103
717,GNQ,Equatorial Guinea,2014,0.0001121129761277595
718,KEN,Kenya,2014,0.2380585559301691
719,KHM,Cambodia,2014,0.08837650718014783
720,LAO,Laos,2014,5.605648806387975e-05
721,LBR,Liberia,2014,0.04146688488266399
722,LBY,Libya,2014,1.2745461888700578
723,LKA,Sri Lanka,2014,0.02092817821290477
724,LSO,Lesotho,2014,0.05391093314415901
725,MAR,Morocco,2014,0.05294420476940036
726,MDG,Madagascar,2014,0.07470789021585889
727,MLI,Mali,2014,0.13151448854470038
728,MMR,Myanmar,2014,0.1946887850002336
729,MOZ,Mozambique,2014,0.03673944179412625
730,MRT,Mauritania,2014,0.01086937255264514
731,MWI,Malawi,2014,0.017811539008392704
732,NAM,Namibia,2014,0.00455458965519033
733,NER,Niger,2014,0.01473393628184591
734,NGA,Nigeria,2014,4.001388657421359
735,NPL,Nepal,2014,0.023832435417417627
736,PAK,Pakistan,2014,2.438519314738488
737,RWA,Rwanda,2014,0.03238581583109634
738,SDN,Sudan,2014,0.24454528097174583
739,SEN,Senegal,2014,0.01955479425533968
740,SLE,Sierra Leone,2014,0.020011674150118952
741,SOM,Somalia,2014,2.078288533122613
742,SSD,South Sudan,2014,0.5994310334851922
743,SWZ,eSwatini,2014,0.0008828896870061165
744,TCD,Chad,2014,0.0022142312785232987
745,TGO,Togo,2014,0.011692871804380361
746,THA,Thailand,2014,0.22663359273971395
747,TUN,Tunisia,2014,0.45760615032882684
748,TZA,Tanzania,2014,0.011211215597995067
749,UGA,Uganda,2014,0.05176710053483993
750,VNM,Vietnam,2014,0.003055078599481509
751,ZAF,South Africa,2014,0.13531863987580595
752,ZMB,Zambia,2014,0.015317271333893281
753,ZWE,Zimbabwe,2014,0.01425236209024175
754,AGO,Angola,2015,0.001317327469501195
755,BDI,Burundi,2015,0.8238817662642555
756,BEN,Benin,2015,0.0012192286153894089
757,BFA,Burkina Faso,2015,0.0620251097914058
758,BGD,Bangladesh,2015,0.47636024416265754
759,BWA,Botswana,2015,0.0001961977082235722
760,CAF,Central African Republic,2015,0.08594779017613469
761,CIV,Ivory Coast,2015,0.016695913364081744
762,CMR,Cameroon,2015,0.026682888318407372
763,COG,Republic of Congo,2015,0.029639129930747243
764,DJI,Djibouti,2015,0.0008128190769262633
765,DZA,Algeria,2015,0.13043572920859503
766,EGY,Egypt,2015,1.6628550574147591
767,ERI,Eritrea,2015,0.0014714828116768747
768,ETH,Ethiopia,2015,0.1081032969355728
769,GAB,Gabon,2015,0.00887936722637736
770,GHA,Ghana,2015,0.030900564941746783
771,GIN,Guinea,2015,0.01373359353130757
772,GMB,Gambia,2015,0.0012752851034532886
773,GNB,Guinea-Bissau,2015,0.015611321851885379
774,GNQ,Equatorial Guinea,2015,0.013994357732644333
775,IDN,Indonesia,2015,0.04770407134236278
776,KEN,Kenya,2015,0.09981552872194878
777,KHM,Cambodia,2015,0.022262689722066797
778,LAO,Laos,2015,0.0030690927214974822
779,LBR,Liberia,2015,0.004316349580918838
780,LBY,Libya,2015,1.207761207606721
781,LKA,Sri Lanka,2015,0.09368243732201503
782,LSO,Lesotho,2015,0.0007567625888623836
783,MAR,Morocco,2015,0.02609380310505005
784,MDG,Madagascar,2015,0.020222214039482878
785,MLI,Mali,2015,0.4865727664323697
786,MMR,Myanmar,2015,0.36103909115875893
787,MOZ,Mozambique,2015,0.014863397327196659
788,MRT,Mauritania,2015,0.0030130362334336025
789,MWI,Malawi,2015,0.004036067140599425
790,NAM,Namibia,2015,0.0046246602652701835
791,NER,Niger,2015,0.03071320529769686
792,NGA,Nigeria,2015,2.474618935386414
793,NPL,Nepal,2015,0.30480902065513416
794,PAK,Pakistan,2015,1.6971222010901679
795,RWA,Rwanda,2015,0.001933948838203886
796,SAU,Saudi Arabia,2015,0.44478519703896024
797,SDN,Sudan,2015,0.4836485717883352
798,SEN,Senegal,2015,0.007077131618064975
799,SLE,Sierra Leone,2015,0.001611624031836581
800,SOM,Somalia,2015,1.7479855281065582
801,SSD,South Sudan,2015,0.974073581479475
802,SWZ,eSwatini,2015,0.0005325366366068646
803,TCD,Chad,2015,0.00948756060481186
804,TGO,Togo,2015,0.001093101517245676
805,THA,Thailand,2015,0.4318640945254545
806,TUN,Tunisia,2015,0.25442072618004485
807,TZA,Tanzania,2015,0.014448395768903124
808,UGA,Uganda,2015,0.03739777746975252
809,VNM,Vietnam,2015,0.01478465268250534
810,YEM,Yemen,2015,2.983692527461029
811,ZAF,South Africa,2015,0.14200403219567248
812,ZMB,Zambia,2015,0.009543617092875739
813,ZWE,Zimbabwe,2015,0.0351663621515684
814,AGO,Angola,2016,0.07005495566221352
815,BDI,Burundi,2016,0.5457543216910311
816,BEN,Benin,2016,0.009790285157415424
817,BFA,Burkina Faso,2016,0.16646965468865615
818,BGD,Bangladesh,2016,0.16181942662278684
819,BHR,Bahrain,2016,0.2593489598045473
820,BWA,Botswana,2016,0.0003223248063673051
821,CAF,Central African Republic,2016,0.18078732140504095
822,CIV,Ivory Coast,2016,0.05337322044970991
823,CMR,Cameroon,2016,0.07916520116474837
824,COG,Republic of Congo,2016,0.05250434488471975
825,DJI,Djibouti,2016,0.0010370450291817962
826,DZA,Algeria,2016,0.10711672226270715
827,EGY,Egypt,2016,1.5318099866207946
828,ERI,Eritrea,2016,0.001611624031836581
829,ETH,Ethiopia,2016,0.17220430111052626
830,GAB,Gabon,2016,0.009495988595080052
831,GHA,Ghana,2016,0.013957983513125244
832,GIN,Guinea,2016,0.0288263928686021
833,GMB,Gambia,2016,0.024151098217453565
834,GNB,Guinea-Bissau,2016,0.0032792225369559086
835,GNQ,Equatorial Guinea,2016,0.0001961977082235722
836,IDN,Indonesia,2016,0.14049404278016808
837,IND,India,2016,3.0767612751353597
838,IRN,Iran,2016,0.38009806018276876
839,IRQ,Iraq,2016,9.170259033992256
840,ISR,Israel,2016,0.07193843414410128
841,JOR,Jordan,2016,0.07943883128116587
842,KEN,Kenya,2016,0.12530656055074993
843,KHM,Cambodia,2016,0.04786266460935089
844,KWT,Kuwait,2016,0.0010510591511977696
845,LAO,Laos,2016,0.0014014122015970215
846,LBN,Lebanon,2016,0.22461030109679087
847,LBR,Liberia,2016,0.015827037799091587
848,LBY,Libya,2016,1.0833599788552615
849,LKA,Sri Lanka,2016,0.16464822890048553
850,LSO,Lesotho,2016,0.0003503530503992519
851,MAR,Morocco,2016,0.04693222843933019
852,MDG,Madagascar,2016,0.024925536934663317
853,MLI,Mali,2016,0.4027702851316137
854,MMR,Myanmar,2016,0.40046903612105944
855,MOZ,Mozambique,2016,0.28195182361752447
856,MRT,Mauritania,2016,0.009019508446537067
857,MWI,Malawi,2016,0.030320481822125343
858,NAM,Namibia,2016,0.010561061868293795
859,NER,Niger,2016,0.053294885878923975
860,NGA,Nigeria,2016,1.5946251075322664
861,NPL,Nepal,2016,0.15240555440505632
862,OMN,Oman,2016,0.0
863,PAK,Pakistan,2016,2.1217412497043426
864,PHL,Philippines,2016,0.8218465395276613
865,RWA,Rwanda,2016,0.002312330132635085
866,SAU,Saudi Arabia,2016,0.33399414120844034
867,SDN,Sudan,2016,0.3824273569695391
868,SEN,Senegal,2016,0.01994168555482019
869,SLE,Sierra Leone,2016,0.013500693544440528
870,SOM,Somalia,2016,2.60846134599879
871,SSD,South Sudan,2016,0.2359328381819206
872,SWZ,eSwatini,2016,0.00809457639348303
873,TCD,Chad,2016,0.019507247772325112
874,TGO,Togo,2016,0.0010090167851498494
875,THA,Thailand,2016,1.0004442224040386
876,TUN,Tunisia,2016,0.21573804962418422
877,TUR,Turkey,2016,3.0686148966168787
878,TZA,Tanzania,2016,0.04367561204422064
879,UGA,Uganda,2016,0.10717779077905105
880,VNM,Vietnam,2016,0.05030946781561686
881,YEM,Yemen,2016,3.21908757093372
882,ZAF,South Africa,2016,0.1343101971941237
883,ZMB,Zambia,2016,0.0403964715220458
884,ZWE,Zimbabwe,2016,0.08827840832603603
885,AFG,Afghanistan,2017,9.142620192452066
886,AGO,Angola,2017,0.02589234732420309
887,ARE,United Arab Emirates,2017,5.605648806387975e-05
888,BDI,Burundi,2017,0.14051237502676428
889,BEN,Benin,2017,0.022197877184610318
890,BFA,Burkina Faso,2017,0.28337809414550863
891,BGD,Bangladesh,2017,0.21719551831384512
892,BHR,Bahrain,2017,0.3862725664893194
893,BWA,Botswana,2017,0.00805253402743511
894,CAF,Central African Republic,2017,0.12134746238847557
895,CIV,Ivory Coast,2017,0.05047788332415179
896,CMR,Cameroon,2017,0.1065905919056589
897,COG,Republic of Congo,2017,0.001933948838203886
898,DJI,Djibouti,2017,0.0003223248063673051
899,DZA,Algeria,2017,0.18818661379991103
900,EGY,Egypt,2017,1.5876441064135671
901,ERI,Eritrea,2017,0.0034333778791315744
902,ETH,Ethiopia,2017,0.12784442887213804
903,GAB,Gabon,2017,0.008851338982345414
904,GHA,Ghana,2017,0.0185210831733649
905,GIN,Guinea,2017,0.036449911215727715
906,GMB,Gambia,2017,0.016404786719391218
907,GNB,Guinea-Bissau,2017,0.03331933990398081
908,GNQ,Equatorial Guinea,2017,0.04700213501984789
909,IDN,Indonesia,2017,0.39923839832446484
910,IND,India,2017,3.86345802734495
911,IRN,Iran,2017,0.38370918372329554
912,IRQ,Iraq,2017,9.019761684910776
913,ISR,Israel,2017,0.11742203195794423
914,JOR,Jordan,2017,0.0133693903884545
915,KEN,Kenya,2017,0.12265093976552303
916,KHM,Cambodia,2017,0.012430362198603412
917,KWT,Kuwait,2017,0.000224225952255519
918,LAO,Laos,2017,0.0010230309071658228
919,LBN,Lebanon,2017,0.1226647898579768
920,LBR,Liberia,2017,0.011000921752974444
921,LBY,Libya,2017,0.5995334062345542
922,LKA,Sri Lanka,2017,0.17796123474175174
923,LSO,Lesotho,2017,0.006684572172055606
924,MAR,Morocco,2017,0.09712099125898886
925,MDG,Madagascar,2017,0.03203628292850802
926,MLI,Mali,2017,0.7398868690618395
927,MMR,Myanmar,2017,0.3195483699125322
928,MOZ,Mozambique,2017,0.07309602013967907
929,MRT,Mauritania,2017,0.03441786352341203
930,MWI,Malawi,2017,0.018708442817414794
931,NAM,Namibia,2017,0.0019199347161879265
932,NER,Niger,2017,0.03157332481329443
933,NGA,Nigeria,2017,2.6462934154747426
934,NPL,Nepal,2017,0.14897608457659933
935,OMN,Oman,2017,7.007061007983928e-05
936,PAK,Pakistan,2017,2.382629519872739
937,PHL,Philippines,2017,1.8804897703684027
938,QAT,Qatar,2017,0.003097038950748296
939,RWA,Rwanda,2017,0.006544430951895899
940,SAU,Saudi Arabia,2017,0.48710040171429525
941,SDN,Sudan,2017,0.1145232410849468
942,SEN,Senegal,2017,0.014593795061686204
943,SLE,Sierra Leone,2017,0.0026626831830343506
944,SOM,Somalia,2017,2.802362141589667
945,SSD,South Sudan,2017,0.3334651312074205
946,SWZ,eSwatini,2017,0.007912392807275417
947,SYR,Syria,2017,9.370159527015682
948,TCD,Chad,2017,0.005899945368723472
949,TGO,Togo,2017,0.02563125506374196
950,THA,Thailand,2017,0.496789061382012
951,TUN,Tunisia,2017,0.16464053904324708
952,TUR,Turkey,2017,1.5357567018300409
953,TZA,Tanzania,2017,0.012836771737066544
954,UGA,Uganda,2017,0.05126283818660829
955,VNM,Vietnam,2017,0.007035007237235935
956,YEM,Yemen,2017,2.8146822354806127
957,ZAF,South Africa,2017,0.15999677061289969
958,ZMB,Zambia,2017,0.02375336271360194
959,ZWE,Zimbabwe,2017,0.0985539296813871
960,AFG,Afghanistan,2018,11.513111350274668
961,AGO,Angola,2018,0.005507549952276314
962,ALB,Albania,2018,0.05021703710803389
963,ARE,United Arab Emirates,2018,0.00026626831830342534
964,ARG,Argentina,2018,0.22514817782080224
965,ARM,Armenia,2018,0.6253564406138915
966,ATG,Antigua and Barbuda,2018,0.0013593698355491152
967,AZE,Azerbaijan,2018,3.535706354037767
968,BDI,Burundi,2018,0.08373437904542233
969,BEN,Benin,2018,0.036150192551206814
970,BFA,Burkina Faso,2018,0.9915863951273535
971,BGD,Bangladesh,2018,0.2094241688893214
972,BGR,Bulgaria,2018,0.06604198675214702
973,BHR,Bahrain,2018,0.11542857288423714
974,BHS,Bahamas,2018,0.004344295810169638
975,BIH,Bosnia and Herzegovina,2018,0.057709088269611325
976,BLR,Belarus,2018,0.01265458815085893
977,BLZ,Belize,2018,0.011351438832935906
978,BOL,Bolivia,2018,0.138587958156434
979,BRA,Brazil,2018,3.114147385645803
980,BRB,Barbados,2018,0.0005325366366068646
981,BWA,Botswana,2018,0.000742748466846424
982,CAF,Central African Republic,2018,0.20725230803597036
983,CHL,Chile,2018,0.1962455541069049
984,CHN,China,2018,0.245828666006343
985,CIV,Ivory Coast,2018,0.04326069250070819
986,CMR,Cameroon,2018,2.136212970215938
987,COG,Republic of Congo,2018,0.0008268331989422367
988,COL,Colombia,2018,1.7898795514562003
989,CRI,Costa Rica,2018,0.061352677978982514
990,CUB,Cuba,2018,0.0007847908328943304
991,CYP,Cyprus,2018,0.008940927831407888
992,DJI,Djibouti,2018,0.007800279831147644
993,DMA,Dominica,2018,0.0006166213687026911
994,DOM,Dominican Republic,2018,0.03279230738434055
995,DZA,Algeria,2018,0.2135987369544587
996,ECU,Ecuador,2018,0.024328187760600015
997,EGY,Egypt,2018,1.3036688271235573
998,ERI,Eritrea,2018,0.00639027560972022
999,ETH,Ethiopia,2018,0.27294854369209276
1000,GAB,Gabon,2018,0.01750322832404136
1001,GEO,Georgia,2018,0.06756142612074391
1002,GHA,Ghana,2018,0.022890155295140602
1003,GIN,Guinea,2018,0.03155388858909293
1004,GMB,Gambia,2018,0.004092041613882172
1005,GNB,Guinea-Bissau,2018,0.13523809090593053
1006,GNQ,Equatorial Guinea,2018,0.0011211297612776089
1007,GRC,Greece,2018,0.14166572491254298
1008,GRD,Grenada,2018,0.0005605648806387975
1009,GTM,Guatemala,2018,0.2707661953523128
1010,GUY,Guyana,2018,0.012444376320619385
1011,HND,Honduras,2018,0.1922854717672574
1012,HRV,Croatia,2018,0.026640435878453966
1013,HTI,Haiti,2018,0.09189771381248779
1014,IDN,Indonesia,2018,0.42870524892533235
1015,IND,India,2018,3.2000868806445797
1016,IRN,Iran,2018,0.8056135934054265
1017,IRQ,Iraq,2018,10.867979371908731
1018,ISR,Israel,2018,0.2651650378267004
1019,JAM,Jamaica,2018,0.034712980233558344
1020,JOR,Jordan,2018,0.16411585629344078
1021,JPN,Japan,2018,0.1043628385938062
1022,KAZ,Kazakhstan,2018,0.011463551809063666
1023,KEN,Kenya,2018,0.735023230589268
1024,KGZ,Kyrgyzstan,2018,0.02589234732420309
1025,KHM,Cambodia,2018,0.015434642382644428
1026,KNA,Saint Kitts and Nevis,2018,0.00025225419628745194
1027,KOR,South Korea,2018,0.2362917832521503
1028,KWT,Kuwait,2018,0.00028028244031939875
1029,LAO,Laos,2018,0.0001261270981437329
1030,LBN,Lebanon,2018,0.09218933254586484
1031,LBR,Liberia,2018,0.01538717791441098
1032,LBY,Libya,2018,0.959240398136582
1033,LCA,Saint Lucia,2018,0.0031530954388121757
1034,LKA,Sri Lanka,2018,0.1092715631059595
1035,LSO,Lesotho,2018,0.03568439257747273
1036,MAR,Morocco,2018,0.06156814788184544
1037,MDA,Moldova,2018,0.02586965916757561
1038,MDG,Madagascar,2018,0.058381766126377896
1039,MEX,Mexico,2018,1.4457657495706375
1040,MKD,North Macedonia,2018,0.022329426384939635
1041,MLI,Mali,2018,1.6181853162111788
1042,MMR,Myanmar,2018,0.4789408929831234
1043,MNE,Montenegro,2018,0.02350127254687663
1044,MNG,Mongolia,2018,0.01010401794395234
1045,MOZ,Mozambique,2018,0.5162809827958237
1046,MRT,Mauritania,2018,0.02134843784382172
1047,MWI,Malawi,2018,0.009277184745010103
1048,MYS,Malaysia,2018,0.035782819490708884
1049,NAM,Namibia,2018,0.011169009202385005
1050,NER,Niger,2018,0.2595072783683744
1051,NGA,Nigeria,2018,2.6571609303462407
1052,NIC,Nicaragua,2018,0.15246144686355798
1053,NPL,Nepal,2018,0.1824623103670921
1054,OMN,Oman,2018,0.0002382400742714924
1055,PAK,Pakistan,2018,2.058872002874101
1056,PAN,Panama,2018,0.06596891025398446
1057,PER,Peru,2018,0.18915293210076425
1058,PHL,Philippines,2018,0.9745752922428593
1059,PRK,North Korea,2018,0.0002102118302395456
1060,PRY,Paraguay,2018,0.15153117472309946
1061,QAT,Qatar,2018,0.0
1062,ROM,Romania,2018,0.07296179311039147
1063,RUS,Russia,2018,0.43871215219254606
1064,RWA,Rwanda,2018,0.04181173381609659
1065,SAU,Saudi Arabia,2018,0.21581189291419434
1066,SDN,Sudan,2018,0.5914724975728142
1067,SEN,Senegal,2018,0.09719957187411807
1068,SLE,Sierra Leone,2018,0.011141144987915227
1069,SLV,El Salvador,2018,0.21485510658121482
1070,SOM,Somalia,2018,2.9032757838571417
1071,SSD,South Sudan,2018,0.46744290665046917
1072,SUR,Suriname,2018,0.0016676805199004607
1073,SWZ,eSwatini,2018,0.04083608536238312
1074,SYR,Syria,2018,6.8222973874531
1075,TCD,Chad,2018,0.1322675891272314
1076,TGO,Togo,2018,0.04962277583683432
1077,THA,Thailand,2018,0.2975555376269526
1078,TJK,Tajikistan,2018,0.06660739963150371
1079,TKM,Turkmenistan,2018,0.0007567625888623836
1080,TTO,Trinidad and Tobago,2018,0.05074513581982833
1081,TUN,Tunisia,2018,0.22155341817212537
1082,TUR,Turkey,2018,0.6120104036269466
1083,TWN,Taiwan,2018,0.06331514714990492
1084,TZA,Tanzania,2018,0.010328243896207873
1085,UGA,Uganda,2018,0.07660530080498154
1086,UKR,Ukraine,2018,5.034280093461587
1087,URY,Uruguay,2018,0.024734351254719858
1088,UZB,Uzbekistan,2018,0.0016676805199004607
1089,VEN,Venezuela,2018,0.4041798167965388
1090,VNM,Vietnam,2018,0.017245634040349442
1091,YEM,Yemen,2018,3.4936096434066446
1092,ZAF,South Africa,2018,0.28736242292262426
1093,ZMB,Zambia,2018,0.017918311897116013
1094,ZWE,Zimbabwe,2018,0.08877240057336422
1095,ABW,Aruba,2019,0.00016816946419163925
1096,AFG,Afghanistan,2019,12.389551148609687
1097,AGO,Angola,2019,0.10946151856418655
1098,ALB,Albania,2019,0.16000955451319937
1099,ARE,United Arab Emirates,2019,0.00026626831830342534
1100,ARG,Argentina,2019,0.26999624791587884
1101,ARM,Armenia,2019,0.5899519204028327
1102,ATG,Antigua and Barbuda,2019,0.0005185225145908912
1103,AZE,Azerbaijan,2019,1.8570109802770958
1104,BDI,Burundi,2019,0.17516005063417953
1105,BEN,Benin,2019,0.02978477526787361
1106,BFA,Burkina Faso,2019,2.989921399211186
1107,BGD,Bangladesh,2019,0.42055642036896945
1108,BGR,Bulgaria,2019,0.046806511415091956
1109,BHR,Bahrain,2019,0.08404696362502395
1110,BHS,Bahamas,2019,0.0008268331989422367
1111,BIH,Bosnia and Herzegovina,2019,0.0411640783152793
1112,BLR,Belarus,2019,0.019241143483583883
1113,BLZ,Belize,2019,0.010384464413833963
1114,BOL,Bolivia,2019,0.1891866284913251
1115,BRA,Brazil,2019,2.7332217345988785
1116,BRB,Barbados,2019,0.0
1117,BWA,Botswana,2019,0.0006866919787825304
1118,CAF,Central African Republic,2019,0.5165900316132049
1119,CHL,Chile,2019,0.5641140517536685
1120,CHN,China,2019,0.5515527144582034
1121,CIV,Ivory Coast,2019,0.06319711998290506
1122,CMR,Cameroon,2019,2.00066832872151
1123,COG,Republic of Congo,2019,0.0009529602970859696
1124,COL,Colombia,2019,2.5229110544087976
1125,CRI,Costa Rica,2019,0.10407532972611717
1126,CUB,Cuba,2019,0.013957737468782011
1127,CYP,Cyprus,2019,0.02359945341576955
1128,DJI,Djibouti,2019,0.01680252222324284
1129,DMA,Dominica,2019,0.019745405831815527
1130,DOM,Dominican Republic,2019,0.0212168886434924
1131,DZA,Algeria,2019,0.4340931600738047
1132,ECU,Ecuador,2019,0.08768472115830413
1133,EGY,Egypt,2019,1.3693011524048153
1134,ERI,Eritrea,2019,0.0
1135,ETH,Ethiopia,2019,0.36886227008818107
1136,GAB,Gabon,2019,0.07601605156206205
1137,GEO,Georgia,2019,0.0842099570313733
1138,GHA,Ghana,2019,0.1264186062035106
1139,GIN,Guinea,2019,0.06087611581565845
1140,GMB,Gambia,2019,0.026850401664350293
1141,GNB,Guinea-Bissau,2019,0.11360411254916601
1142,GNQ,Equatorial Guinea,2019,0.0001961977082235722
1143,GRC,Greece,2019,0.2396031152400085
1144,GRD,Grenada,2019,0.0031530954388121757
1145,GTM,Guatemala,2019,0.34071010423055276
1146,GUY,Guyana,2019,0.01844217449911137
1147,HND,Honduras,2019,0.3326710635776292
1148,HRV,Croatia,2019,0.0487682424529845
1149,HTI,Haiti,2019,0.22252630678209942
1150,IDN,Indonesia,2019,0.5955537769971063
1151,IND,India,2019,5.672842429891556
1152,IRN,Iran,2019,0.5050037153120223
1153,IRQ,Iraq,2019,9.084347513930842
1154,ISR,Israel,2019,0.17876994395298995
1155,JAM,Jamaica,2019,0.03834263783569464
1156,JOR,Jordan,2019,0.06223063765248963
1157,JPN,Japan,2019,0.09402017050167687
1158,KAZ,Kazakhstan,2019,0.06430456368129107
1159,KEN,Kenya,2019,0.498946826098566
1160,KGZ,Kyrgyzstan,2019,0.04569931376104917
1161,KHM,Cambodia,2019,0.015261132831048324
1162,KNA,Saint Kitts and Nevis,2019,0.003097038950748296
1163,KOR,South Korea,2019,0.36226349583199063
1164,KWT,Kuwait,2019,0.01053837371166634
1165,LAO,Laos,2019,0.00014014122015969244
1166,LBN,Lebanon,2019,0.48624636041913194
1167,LBR,Liberia,2019,0.10230588834577349
1168,LBY,Libya,2019,2.298679834954016
1169,LCA,Saint Lucia,2019,0.00018218358620761266
1170,LKA,Sri Lanka,2019,0.21428041690496114
1171,LSO,Lesotho,2019,0.016466183294859563
1172,MAR,Morocco,2019,0.17099711826240654
1173,MDA,Moldova,2019,0.023557411049721644
1174,MDG,Madagascar,2019,0.0781758666481433
1175,MEX,Mexico,2019,1.5700674852167067
1176,MKD,North Macedonia,2019,0.0476470306769258
1177,MLI,Mali,2019,1.4912821299279813
1178,MMR,Myanmar,2019,1.0365712542421157
1179,MNE,Montenegro,2019,0.05898412732872138
1180,MNG,Mongolia,2019,0.0171669714104392
1181,MOZ,Mozambique,2019,0.9519691283064542
1182,MRT,Mauritania,2019,0.021225644692885
1183,MWI,Malawi,2019,0.14979317754877589
1184,MYS,Malaysia,2019,0.03453022254388308
1185,NAM,Namibia,2019,0.030816316180088746
1186,NER,Niger,2019,1.016455137440923
1187,NGA,Nigeria,2019,3.6275817273342286
1188,NIC,Nicaragua,2019,0.04428922752484068
1189,NPL,Nepal,2019,0.4180914111602183
1190,OMN,Oman,2019,0.003265208414939935
1191,PAK,Pakistan,2019,3.521803153889869
1192,PAN,Panama,2019,0.035940472809653776
1193,PER,Peru,2019,0.20520460592601686
1194,PHL,Philippines,2019,1.8811009787615536
1195,PRK,North Korea,2019,0.0003503530503992519
1196,PRY,Paraguay,2019,0.2221555333301255
1197,QAT,Qatar,2019,0.00643231797576814
1198,ROM,Romania,2019,0.06062435370805749
1199,RUS,Russia,2019,0.46943595565027085
1200,RWA,Rwanda,2019,0.07462339540985763
1201,SAU,Saudi Arabia,2019,0.12891426812928863
1202,SDN,Sudan,2019,0.4699825884236748
1203,SEN,Senegal,2019,0.10076433492401676
1204,SLE,Sierra Leone,2019,0.033848870652504984
1205,SLV,El Salvador,2019,0.18497215044444826
1206,SOM,Somalia,2019,2.742979622638845
1207,SSD,South Sudan,2019,0.3564566464157323
1208,SUR,Suriname,2019,0.000742748466846424
1209,SWZ,eSwatini,2019,0.04378439107314138
1210,SYR,Syria,2019,8.00909334744478
1211,TCD,Chad,2019,0.6362111325207215
1212,TGO,Togo,2019,0.017189577552285562
1213,THA,Thailand,2019,0.8890621130054153
1214,TJK,Tajikistan,2019,0.01679718213583839
1215,TKM,Turkmenistan,2019,0.0018078217400601532
1216,TTO,Trinidad and Tobago,2019,0.03715127343477495
1217,TUN,Tunisia,2019,0.33093183618158933
1218,TUR,Turkey,2019,1.0163868086734302
1219,TWN,Taiwan,2019,0.05609828438558567
1220,TZA,Tanzania,2019,0.020381463424719776
1221,UGA,Uganda,2019,0.1007457188476262
1222,UKR,Ukraine,2019,4.8925947878274645
1223,URY,Uruguay,2019,0.04397524869396047
1224,UZB,Uzbekistan,2019,0.01369155116525965
1225,VEN,Venezuela,2019,0.7164619731365531
1226,VNM,Vietnam,2019,0.007020993115219962
1227,YEM,Yemen,2019,5.069089583051764
1228,ZAF,South Africa,2019,0.3926205250298308
1229,ZMB,Zambia,2019,0.035939980720967254
1230,ZWE,Zimbabwe,2019,0.09338797673011745
